classes,filename,stream_index,sni,len1,len2,len3,len4,len5,len6,len7,len8,len9,len10,len11,len12,len13,len14,len15,len16,len17,len18,len19,len20,len21,len22,len23,len24,len25,len26,len27,len28,len29,len30
www.news.cn,www.news.cn.json,15,www.news.cn,0,0,0,517,0,4096,0,1034,0,93,565,258,222,0,550,221,548,219,559,0,230,0,0,0,0,31,0,0,0,0
www.news.cn,www.news.cn.json,16,www.news.cn,0,0,0,517,0,4096,0,1034,0,93,258,565,222,0,607,218,0,605,216,0,565,222,0,0,0,0,31,0,0,0
www.news.cn,www.news.cn.json,18,www.news.cn,0,0,0,517,0,4096,0,1034,0,93,550,258,221,0,547,218,0,553,224,0,553,224,624,235,0,0,0,31,0,0
www.news.cn,www.news.cn.json,17,www.news.cn,0,0,0,517,0,1452,0,2644,0,1034,0,93,553,258,224,0,547,218,540,211,564,235,0,565,222,0,540,211,0,605
www.news.cn,www.news.cn.json,19,www.news.cn,0,0,0,517,0,1452,0,2644,0,1034,0,93,549,258,220,0,624,235,0,567,224,0,0,0,0,31,0,0,0,0
www.news.cn,www.news.cn.json,20,www.news.cn,0,0,0,517,0,4096,0,1034,0,93,553,258,224,0,548,219,553,224,0,549,220,0,547,218,607,218,0,0,0,0
www.news.cn,www.news.cn.json,34,www.news.cn,0,0,0,517,0,156,0,51,565,0,222,607,218,624,235,0,565,222,0,564,235,0,550,221,0,540,211,624,235,0
www.news.cn,www.news.cn.json,33,www.news.cn,0,0,0,517,0,156,0,51,553,0,224,547,218,0,553,224,0,548,219,607,218,605,216,0,565,222,0,547,218,547
www.news.cn,www.news.cn.json,35,www.news.cn,0,0,0,517,0,156,0,51,549,0,220,540,211,0,550,221,0,553,224,0,549,0,220,0,565,0,222,0,547,218
www.news.cn,www.news.cn.json,36,www.news.cn,0,0,0,517,0,156,0,51,565,0,222,547,218,564,235,605,216,0,565,222,0,547,218,624,235,0,553,224,0,553
www.news.cn,www.news.cn.json,37,www.news.cn,0,0,0,517,0,156,0,51,550,0,221,548,219,0,553,224,0,547,218,0,553,224,0,548,219,564,235,605,216,0
www.news.cn,www.news.cn.json,38,www.news.cn,0,0,0,517,0,156,0,51,553,0,224,553,224,0,549,220,0,540,0,211,0,565,0,222,0,565,0,222,0,550
www.news.cn,www.news.cn.json,48,www.news.cn,0,0,0,517,0,156,0,51,0,550,0,221,540,211,605,216,0,565,222,0,564,235,605,216,0,561,218,0,548,219
www.news.cn,www.news.cn.json,50,www.news.cn,0,0,0,517,0,156,0,51,0,550,0,221,548,219,624,235,0,552,209,0,551,222,0,550,221,0,540,211,0,607
www.news.cn,www.news.cn.json,51,www.news.cn,0,0,0,517,0,156,0,51,0,553,0,224,547,218,0,553,224,0,547,218,0,553,224,0,548,219,0,624,235,0
www.news.cn,www.news.cn.json,53,www.news.cn,0,0,0,517,0,156,0,51,0,553,0,224,548,219,0,553,224,0,547,218,0,553,224,0,547,218,605,216,0,565
www.news.cn,www.news.cn.json,54,www.news.cn,0,0,0,517,0,156,0,51,564,0,235,607,218,0,565,222,0,553,224,0,624,235,0,565,222,0,540,211,605,216
www.news.cn,www.news.cn.json,61,www.news.cn,0,0,0,517,0,156,0,51,565,0,222,549,220,0,565,222,0,553,224,0,540,211,0,553,224,0,549,220,547,218
www.news.cn,www.news.cn.json,62,www.news.cn,0,0,0,517,0,156,0,51,565,0,222,550,221,547,218,548,219,553,224,564,235,607,218,624,235,605,216,0,565,222
www.news.cn,www.news.cn.json,60,www.news.cn,0,0,0,517,0,156,0,51,553,0,224,553,224,540,211,547,218,0,567,224,0,550,221,548,219,559,230,624,235,0
www.news.cn,www.news.cn.json,68,www.news.cn,0,0,0,517,0,156,0,51,565,0,222,549,220,547,218,548,219,553,224,607,218,0,624,235,0,605,216,0,565,222
www.news.cn,www.news.cn.json,67,www.news.cn,0,0,0,517,0,156,0,51,565,0,222,553,224,540,211,547,218,564,235,0,565,222,0,549,220,547,218,0,553,224
www.news.cn,www.news.cn.json,66,www.news.cn,0,0,0,517,0,156,0,51,553,0,224,550,221,0,553,224,0,553,224,548,219,0,540,211,0,547,218,607,218,0
www.news.cn,www.news.cn.json,73,www.news.cn,0,0,0,517,0,156,0,51,565,0,222,553,224,540,211,547,218,607,218,624,235,605,0,216,0,565,0,222,0,550
www.news.cn,www.news.cn.json,74,www.news.cn,0,0,0,517,0,156,0,51,565,0,222,549,220,547,218,548,219,553,224,564,235,0,567,224,0,553,224,553,224,548
www.news.cn,www.news.cn.json,75,www.news.cn,0,0,0,517,0,156,0,51,553,0,224,550,221,0,565,222,0,549,220,547,218,0,605,216,0,565,222,0,553,224
www.news.cn,www.news.cn.json,82,www.news.cn,0,0,0,517,0,156,0,51,565,0,222,549,220,547,218,548,219,547,218,0,553,224,0,549,220,540,211,564,235,624
www.news.cn,www.news.cn.json,83,www.news.cn,0,0,0,517,0,156,0,51,565,0,222,550,221,553,224,564,235,0,565,222,0,553,224,547,218,553,224,607,218,0
www.news.cn,www.news.cn.json,81,www.news.cn,0,0,0,517,0,156,0,51,553,0,224,553,224,540,211,607,218,0,624,235,0,605,216,0,565,222,0,550,221,548
www.news.cn,www.news.cn.json,90,www.news.cn,0,0,0,517,0,156,0,51,565,0,222,553,0,224,624,0,235,0,605,216,0,565,222,0,553,224,548,219,607,218
www.news.cn,www.news.cn.json,91,www.news.cn,0,0,0,517,0,156,0,51,565,0,222,550,221,548,219,553,224,564,235,0,553,224,0,549,220,540,211,547,218,0
www.news.cn,www.news.cn.json,89,www.news.cn,0,0,0,517,0,156,0,51,553,0,224,549,220,547,218,540,211,547,218,607,218,0,565,222,0,550,221,547,218,553
www.news.cn,www.news.cn.json,96,www.news.cn,0,0,0,517,0,156,0,51,565,0,222,553,224,550,221,0,553,224,0,549,220,540,211,547,218,607,218,0,0,0
www.news.cn,www.news.cn.json,97,www.news.cn,0,0,0,517,0,156,0,51,553,0,0,224,548,219,547,218,607,218,0,624,235,0,565,222,0,553,224,547,218,564
www.news.cn,www.news.cn.json,98,www.news.cn,0,0,0,517,0,156,0,51,565,0,222,549,220,547,218,540,211,553,224,564,235,0,605,216,0,565,222,0,550,221
www.news.cn,www.news.cn.json,99,www.news.cn,0,0,0,517,0,156,0,51,0,0,0,0,31,0,0,0,0,0,0,0,0,0,0,0,0,0,0,0,0,0
www.news.cn,www.news.cn.json,100,www.news.cn,0,0,0,517,0,156,0,51,0,0,0,0,31,0,0,0,0,0,0,0,0,0,0,0,0,0,0,0,0,0
www.news.cn,www.news.cn.json,106,www.news.cn,0,0,0,517,0,156,0,51,565,0,222,553,224,547,218,0,553,224,0,547,218,564,235,607,218,0,624,235,0,565
www.news.cn,www.news.cn.json,105,www.news.cn,0,0,0,517,0,156,0,51,565,0,222,549,220,548,219,0,540,0,211,0,567,0,224,0,549,220,548,219,547,218
www.news.cn,www.news.cn.json,107,www.news.cn,0,0,0,517,0,156,0,51,553,0,224,550,0,221,605,0,216,0,565,222,0,550,221,553,224,540,211,607,218,605
www.news.cn,www.news.cn.json,120,www.news.cn,0,0,0,517,0,156,0,51,567,0,224,549,220,553,224,0,553,224,0,549,220,0,547,218,0,564,235,0,605,216
www.news.cn,www.news.cn.json,121,www.news.cn,0,0,0,517,0,156,0,51,565,0,222,550,221,547,218,0,607,218,0,624,235,605,216,0,565,222,0,553,224,548
www.news.cn,www.news.cn.json,119,www.news.cn,0,0,0,517,0,156,0,51,565,0,222,553,224,548,219,0,540,211,0,559,230,0,565,222,0,550,221,547,218,540
www.news.cn,www.news.cn.json,130,www.news.cn,0,0,0,517,0,156,0,51,565,0,222,549,220,547,0,218,548,0,219,547,218,0,553,224,0,550,221,547,218,548
www.news.cn,www.news.cn.json,132,www.news.cn,0,0,0,517,0,156,0,51,565,0,222,553,224,0,540,211,0,564,235,0,605,216,0,565,222,0,553,224,540,211
www.news.cn,www.news.cn.json,131,www.news.cn,0,0,0,517,0,156,0,51,553,0,224,550,221,0,553,224,0,607,218,0,624,235,0,565,222,0,549,220,0,553
www.news.cn,www.news.cn.json,136,www.news.cn,0,0,0,517,0,156,0,51,547,0,218,624,235,0,553,224,0,547,218,605,216,0,567,224,0,553,224,624,235,0
www.news.cn,www.news.cn.json,137,www.news.cn,0,0,0,517,0,156,0,51,0,553,0,224,548,219,607,218,0,565,222,0,548,219,0,550,221,0,547,218,0,550
www.news.cn,www.news.cn.json,138,www.news.cn,0,0,0,517,0,156,0,51,0,550,0,221,540,211,624,235,0,565,222,0,547,218,0,549,220,0,540,211,0,549
www.qimao.com,www.qimao.com.json,2,www.qimao.com,0,0,0,519,0,3415,0,93,511,0,274,0,1549,0,4356,0,2904,0,7260,0,1452,0,372,0,1541,0,3127,34,0,0
www.qimao.com,www.qimao.com.json,3,www.qimao.com,0,0,0,519,0,3415,0,93,274,0,1614,0,4356,0,10164,0,4356,0,961,0,1540,88,0,0,1047,34,0,0,1667,0
www.qimao.com,www.qimao.com.json,4,www.qimao.com,0,0,0,519,0,3415,0,93,274,0,1667,0,4356,0,2904,0,4356,0,2904,0,1914,0,1593,0,1047,34,0,0,1682,0
www.qimao.com,www.qimao.com.json,5,www.qimao.com,0,0,0,519,0,3415,0,93,1893,274,0,0,4356,0,2904,0,2100,34,0,0,1819,0,1047,34,0,0,1875,0,9171,34
www.qimao.com,www.qimao.com.json,6,www.qimao.com,0,0,0,519,0,3415,0,93,274,0,1799,0,1157,34,0,0,1884,0,9167,34,0,1810,0,1047,34,0,1799,0,4356,0
www.qimao.com,www.qimao.com.json,7,www.qimao.com,0,0,0,519,0,3415,0,93,274,0,1884,0,4356,0,2904,0,1348,34,0,0,1810,0,1047,34,0,0,1884,0,9328,34
www.qimao.com,www.qimao.com.json,8,www.qimao.com,0,0,0,519,0,3415,0,93,274,0,1859,0,15972,0,3666,0,1785,0,1047,34,0,0,1860,0,4356,0,4356,0,7659,34
www.qimao.com,www.qimao.com.json,9,www.qimao.com,0,0,0,519,0,3415,0,93,1795,511,0,274,0,0,4356,0,10164,0,1452,0,2904,0,3783,0,1802,0,3126,34,0,0
www.qimao.com,www.qimao.com.json,10,www.qimao.com,0,0,0,519,0,3415,0,93,511,0,274,0,1859,0,15972,0,2658,0,1785,0,1047,34,0,0,1795,0,4356,0,2904,0
www.qimao.com,www.qimao.com.json,11,www.qimao.com,0,0,0,519,0,3415,0,93,274,0,1893,0,9964,34,0,0,1819,0,1047,34,0,0,1860,0,8712,0,7260,0,441,0
www.qimao.com,www.qimao.com.json,12,www.qimao.com,0,0,0,519,0,1452,0,1963,0,93,274,0,1871,0,4356,0,7260,0,1336,34,0,0,1797,0,1047,34,0,0,1884,0
dxy.com,dxy.com.json,1,dxy.com,0,0,0,517,0,142,0,43,97,626,61,30,30,0,421,105,0,0,271,0,1456,1424,0,2693,1424,2693,201,30,0,141
dxy.com,dxy.com.json,2,dxy.com,0,0,0,517,0,142,0,43,97,710,61,30,0,30,0,555,34,116,0,2581,30,0,151,495,30,0,75,0,4117,3055
bbs.elecfans.com,bbs.elecfans.com.json,3,bbs.elecfans.com,0,0,0,633,0,260,0,80,899,311,2904,575,0,808,1438,1452,0,1452,1452,1298,0,1378,0,1361,27,0,1377,0,2904,0
bbs.elecfans.com,bbs.elecfans.com.json,5,bbs.elecfans.com,0,0,0,633,0,260,0,80,898,311,2675,0,1608,0,657,2904,345,0,1588,0,690,136,0,1669,0,807,2904,0,2904,0
bbs.elecfans.com,bbs.elecfans.com.json,2,bbs.elecfans.com,0,0,0,517,0,5149,0,80,810,311,311,0,1452,1152,0,800,941,0,989,1978,0,1315,1316,0,1311,2154,0,1286,0,690
bbs.elecfans.com,bbs.elecfans.com.json,4,bbs.elecfans.com,0,0,0,517,0,2904,0,2245,0,80,810,311,311,0,2904,0,620,0,1598,0,819,0,252,0,1788,0,837,128,128,0
bbs.elecfans.com,bbs.elecfans.com.json,6,bbs.elecfans.com,0,0,0,633,0,260,0,80,2389,311,0,0,818,0,2904,0,2620,0,2399,0,5046,690,690,0,0,690,0,2408,0,1396
www.7k7k.com,www.7k7k.com.json,14,i3.7k7kimg.cn,0,0,0,519,0,148,0,43,609,609,0,4356,1529,0,612,0,0,1452,4356,0,3840,0,612,5808,7294,1452,0,1239,0,609
www.7k7k.com,www.7k7k.com.json,11,i2.7k7kimg.cn,0,0,0,519,0,148,0,43,612,0,4342,1485,0,612,1452,1430,7260,0,2904,502,0,609,4342,105,0,612,4356,1446,2904,0
www.7k7k.com,www.7k7k.com.json,17,i5.7k7kimg.cn,0,0,0,519,0,148,0,43,609,0,6110,0,612,4356,0,4356,0,7260,0,5808,0,2904,2904,1452,7260,4356,1452,4356,4356,4356
www.7k7k.com,www.7k7k.com.json,19,i3.7k7kimg.cn,0,0,0,519,0,148,0,43,609,0,1452,3682,0,607,4728,0,612,5808,1452,0,5866,0,607,2904,0,1933,0,609,4342,519
www.7k7k.com,www.7k7k.com.json,23,i5.7k7kimg.cn,0,0,0,519,0,148,0,43,612,0,13068,1452,0,278,0,609,2904,0,2838,0,612,1452,0,11616,0,1452,0,7260,0,3545
www.7k7k.com,www.7k7k.com.json,16,i2.7k7kimg.cn,0,0,0,519,0,148,0,43,607,0,1422,3365,0,612,4356,0,2904,0,4356,0,5498,0,609,6282,0,609,5488,0,609,6544
www.7k7k.com,www.7k7k.com.json,21,i3.7k7kimg.cn,0,0,0,519,0,148,0,43,612,0,5808,4356,0,4356,0,485,0,609,1452,0,1452,0,2225,0,609,4356,0,1330,0,612
www.7k7k.com,www.7k7k.com.json,15,i1.7k7kimg.cn,0,0,0,519,0,148,0,43,609,0,6507,0,612,8712,2904,0,1386,0,609,1452,0,1452,0,1680,0,609,1422,3516,0,609
www.7k7k.com,www.7k7k.com.json,22,i5.7k7kimg.cn,0,0,0,519,0,148,0,43,609,0,1452,5006,0,609,2882,1452,0,2041,0,607,4197,0,612,4356,2904,1452,4356,1452,7260,4718
www.7k7k.com,www.7k7k.com.json,25,i2.7k7kimg.cn,0,0,0,519,0,148,0,43,609,0,5831,0,612,2904,0,13352,18925,0,609,4930,0,609,1449,4018,0,609,4356,2481,0,604
www.7k7k.com,www.7k7k.com.json,18,i1.7k7kimg.cn,0,0,0,519,0,148,0,43,612,0,2882,1452,8712,4100,0,609,2904,3463,0,609,2904,2367,0,609,4356,0,1207,609,2904,2869
www.7k7k.com,www.7k7k.com.json,20,i2.7k7kimg.cn,0,0,0,519,0,148,0,43,609,0,6697,0,609,4267,0,609,1422,2904,1452,0,337,0,609,4356,0,1338,0,609,2904,0
www.7k7k.com,www.7k7k.com.json,27,i1.7k7kimg.cn,0,0,0,519,0,148,0,43,609,0,1452,4111,0,609,5749,0,612,5808,0,2904,4356,4356,0,748,0,612,4356,0,4356,0
www.7k7k.com,www.7k7k.com.json,29,i4.7k7kimg.cn,0,0,0,519,0,148,0,43,609,0,2904,1452,0,1264,0,609,1452,0,4333,0,612,4356,2772,0,609,4369,2505,0,602,4356
www.7k7k.com,www.7k7k.com.json,26,i4.7k7kimg.cn,0,0,0,519,0,148,0,43,609,0,6401,0,609,4356,0,1374,0,609,1449,2904,0,0,1452,0,370,0,609,5192,0,609
www.7k7k.com,www.7k7k.com.json,30,i1.7k7kimg.cn,0,0,0,519,0,148,0,43,607,0,1422,2551,0,609,1422,2562,0,609,2882,1483,0,609,4356,0,1074,609,4136,0,609,4356
www.7k7k.com,www.7k7k.com.json,24,i4.7k7kimg.cn,0,0,0,519,0,148,0,43,609,0,0,1449,3946,0,609,1422,2889,0,612,2909,0,2904,1452,3927,0,612,4356,4356,0,2904
www.7k7k.com,www.7k7k.com.json,28,i4.7k7kimg.cn,0,0,0,519,0,148,0,43,609,0,0,2904,0,3666,0,612,1449,1452,0,2904,0,1452,8712,2904,0,2904,1807,0,609,1422
www.7k7k.com,www.7k7k.com.json,40,news.7k7k.com,0,0,0,517,0,3335,0,85,782,266,4336,0,2467,26,0,813,1571,0,0,0,0,23,0,0,0,0,0,0,0,0
www.7k7k.com,www.7k7k.com.json,42,i.7k7kimg.cn,0,0,0,517,0,3340,0,85,606,266,1452,0,2159,0,602,1350,602,1326,606,2409,0,614,0,4356,0,4356,0,8712,0,4356
www.7k7k.com,www.7k7k.com.json,41,i.7k7kimg.cn,0,0,0,517,0,3340,0,85,605,266,983,0,597,2904,4356,0,1452,2904,8712,0,5808,4869,0,601,3533,0,605,4356,0,4356
www.7k7k.com,www.7k7k.com.json,43,www.7k7k.com,0,0,0,517,0,3335,0,85,543,266,1337,0,0,0,0,23,0,0,0,0,0,0,0,0,0,0,0,0,0,0
www.7k7k.com,www.7k7k.com.json,44,i.7k7kimg.cn,0,0,0,518,0,148,0,43,602,0,1370,609,0,1452,7260,0,2904,0,1452,3183,1452,0,1452,1452,1452,4356,0,0,1452,1452
www.7k7k.com,www.7k7k.com.json,46,resource.a0bi.com,0,0,0,517,0,3447,0,85,577,266,1452,0,3642,26,0,634,4356,0,4356,0,1452,1231,0,636,4356,1452,1452,0,1452,1452
www.7k7k.com,www.7k7k.com.json,45,resource.a0bi.com,0,0,0,517,0,3447,0,85,557,0,266,1452,1452,0,2434,26,0,633,1452,1452,0,1452,1452,2904,835,0,633,4356,1452,1452
www.7k7k.com,www.7k7k.com.json,47,resource.a0bi.com,0,0,0,517,0,1452,0,1995,0,85,576,0,266,2904,0,1432,1452,2904,2904,0,1241,0,631,1265,0,634,2904,0,2904,0
www.7k7k.com,www.7k7k.com.json,48,n3.7k7kimg.cn,0,0,0,517,0,2904,0,436,0,85,602,266,2904,0,4356,0,1452,1452,0,1452,1452,0,1452,1452,0,1452,1452,0,2904,0
www.7k7k.com,www.7k7k.com.json,49,i.7k7kimg.cn,0,0,0,518,0,148,0,43,607,0,1452,1452,0,714,607,2661,0,606,4356,4356,1452,0,4356,0,4356,0,1667,0,609,0
www.7k7k.com,www.7k7k.com.json,50,i.7k7kimg.cn,0,0,0,518,0,148,0,43,0,611,0,1452,431,0,592,2405,0,0,0,0,23,0,0,0,0,0,0,0,0,0
www.7k7k.com,www.7k7k.com.json,51,i.7k7kimg.cn,0,0,0,518,0,148,0,43,0,606,0,1452,1452,4356,2603,0,600,1452,4356,0,1067,598,2904,2904,0,2904,2077,0,601,2904
www.7k7k.com,www.7k7k.com.json,52,resource.a0bi.com,0,0,0,523,0,148,0,43,0,0,0,0,23,0,0,0,0,0,0,0,0,0,0,0,0,0,0,0,0,0
www.7k7k.com,www.7k7k.com.json,53,resource.a0bi.com,0,0,0,523,0,148,0,43,0,0,0,0,23,0,0,0,0,0,0,0,0,0,0,0,0,0,0,0,0,0
www.7k7k.com,www.7k7k.com.json,54,resource.a0bi.com,0,0,0,523,0,148,0,43,0,0,0,0,23,0,0,0,0,0,0,0,0,0,0,0,0,0,0,0,0,0
www.7k7k.com,www.7k7k.com.json,55,www.7k7k.com,0,0,0,518,0,148,0,43,0,976,0,337,0,1040,0,637,0,438,26,0,0,1085,0,4356,0,4356,0,4356,0,8712
www.7k7k.com,www.7k7k.com.json,59,www.7k7kjs.cn,0,0,0,519,0,148,0,43,0,0,0,23,0,0,0,0,0,0,0,0,0,0,0,0,0,0,0,0,0,0
www.7k7k.com,www.7k7k.com.json,60,i5.7k7kimg.cn,0,0,0,519,0,148,0,43,0,0,0,0,23,0,0,0,0,0,0,0,0,0,0,0,0,0,0,0,0,0
www.7k7k.com,www.7k7k.com.json,61,i5.7k7kimg.cn,0,0,0,519,0,148,0,43,0,0,0,0,23,0,0,0,0,0,0,0,0,0,0,0,0,0,0,0,0,0
www.7k7k.com,www.7k7k.com.json,64,www.7k7k.com,0,0,0,518,0,148,0,43,0,1144,0,1020,26,0,1192,0,4356,0,2904,0,4356,0,4356,0,8055,0,1145,1117,26,0
www.7k7k.com,www.7k7k.com.json,65,www.7k7kjs.cn,0,0,0,519,0,148,0,43,0,567,0,2557,26,0,550,0,1187,26,0,650,0,5140,0,652,0,2320,0,652,1985,0
www.7k7k.com,www.7k7k.com.json,66,i.7k7kimg.cn,0,0,0,518,0,148,0,43,614,0,801,1452,0,4356,1513,1452,4409,4356,0,4321,0,0,0,0,23,0,0,0,0,0
www.7k7k.com,www.7k7k.com.json,69,www.7k7kjs.cn,0,0,0,519,0,148,0,43,572,0,1022,26,0,652,4356,1446,0,4356,4356,1763,7260,4356,0,2904,0,5808,0,4356,0,2904
www.7k7k.com,www.7k7k.com.json,70,www.7k7kjs.cn,0,0,0,519,0,148,0,43,647,0,1422,1818,0,654,2904,0,4356,0,2904,0,1452,4641,8712,0,2904,4356,7260,5808,2904,0
www.7k7k.com,www.7k7k.com.json,71,i5.7k7kimg.cn,0,0,0,519,0,148,0,43,0,612,0,5101,0,612,4356,1446,0,1452,0,2112,0,607,5201,0,606,4970,0,606,4437,0
www.7k7k.com,www.7k7k.com.json,73,i.7k7kimg.cn,0,0,0,518,0,148,0,43,598,0,1422,3017,0,599,1892,0,606,1195,0,606,3083,0,609,1422,2904,0,1348,606,3865,0
www.7k7k.com,www.7k7k.com.json,74,i.7k7kimg.cn,0,0,0,518,0,148,0,43,0,606,0,2885,0,608,3972,0,606,1422,2023,0,606,4356,0,1281,0,607,2904,0,1499,0
www.7k7k.com,www.7k7k.com.json,75,aobi.100bt.com,0,0,0,517,0,3448,0,85,696,266,499,1452,0,2395,26,0,555,1452,1976,26,0,560,1597,26,0,0,0,0,23,0
www.7k7k.com,www.7k7k.com.json,76,resource.a0bi.com,0,0,0,523,0,148,0,43,551,0,4356,0,978,26,0,577,1451,3668,26,0,587,4356,0,18876,0,2904,2904,5808,0,842
www.7k7k.com,www.7k7k.com.json,77,i.7k7kimg.cn,0,0,0,518,0,148,0,43,0,607,0,2882,0,1452,638,0,610,996,609,3606,0,0,0,0,23,0,0,0,0,0
www.7k7k.com,www.7k7k.com.json,78,resource.a0bi.com,0,0,0,523,0,148,0,43,630,0,1452,2249,0,631,2904,0,5141,0,566,4356,2904,4356,2904,0,0,4356,0,1452,2904,5808
www.7k7k.com,www.7k7k.com.json,80,www.7k7k.com,0,0,0,518,0,148,0,43,0,1083,0,335,0,1083,336,0,1146,686,0,437,26,0,0,1147,0,635,433,0,26,0
www.7k7k.com,www.7k7k.com.json,81,i3.7k7kimg.cn,0,0,0,519,0,148,0,43,0,612,0,4356,0,3023,0,604,4356,0,1211,0,607,2882,1452,0,0,2335,0,609,2882,1452
www.7k7k.com,www.7k7k.com.json,82,i3.7k7kimg.cn,0,0,0,519,0,148,0,43,0,612,0,4356,3045,0,612,4356,2904,1321,0,604,1422,2054,0,612,1422,5808,5808,0,2904,2543
www.7k7k.com,www.7k7k.com.json,85,i2.7k7kimg.cn,0,0,0,519,0,148,0,43,612,0,11616,0,4789,4356,0,2904,0,8664,0,612,4356,0,2904,0,4356,0,1452,2904,3796,0
www.7k7k.com,www.7k7k.com.json,84,i2.7k7kimg.cn,0,0,0,519,0,148,0,43,612,0,7260,0,8986,0,13068,3579,0,612,4356,5808,0,0,8712,0,10164,7074,0,0,609,4676
www.7k7k.com,www.7k7k.com.json,86,i2.7k7kimg.cn,0,0,0,519,0,148,0,43,0,607,0,2882,1452,0,3137,0,603,4142,0,612,1452,5810,2904,0,5808,8712,2750,0,612,0
www.7k7k.com,www.7k7k.com.json,88,i4.7k7kimg.cn,0,0,0,519,0,148,0,43,0,609,0,4342,0,1593,0,612,5802,8712,8712,0,1452,4356,0,1452,3849,0,609,0,4203,0
www.7k7k.com,www.7k7k.com.json,87,i4.7k7kimg.cn,0,0,0,519,0,148,0,43,0,612,0,6885,0,606,4356,816,0,612,4356,2904,4356,0,1452,1452,1403,0,603,3967,0,606
www.7k7k.com,www.7k7k.com.json,89,www.7k7kjs.cn,0,0,0,519,0,148,0,43,0,557,0,1424,2904,0,941,26,0,539,1424,951,26,0,539,3106,26,0,570,1012,26,0
www.7k7k.com,www.7k7k.com.json,91,www.7k7kjs.cn,0,0,0,519,0,148,0,43,0,565,0,2692,26,0,548,1187,26,0,647,5806,0,644,0,4356,0,13068,8712,0,4356,0
www.7k7k.com,www.7k7k.com.json,93,i.7k7kimg.cn,0,0,0,518,0,148,0,43,599,0,2904,1468,0,603,1792,0,601,2904,292,0,0,0,0,23,0,0,0,0,0,0
www.7k7k.com,www.7k7k.com.json,94,i.7k7kimg.cn,0,0,0,518,0,148,0,43,600,0,1422,1168,0,602,2904,0,13068,0,1452,1452,4356,0,1665,0,606,2882,1452,0,4356,4356
www.7k7k.com,www.7k7k.com.json,92,i.7k7kimg.cn,0,0,0,518,0,148,0,43,602,0,13102,3294,1481,45012,0,0,4356,1452,2904,0,2904,0,4356,0,1452,2904,0,2904,0,8712
www.7k7k.com,www.7k7k.com.json,95,i.7k7kimg.cn,0,0,0,518,0,148,0,43,0,0,0,0,23,0,0,0,0,0,0,0,0,0,0,0,0,0,0,0,0,0
www.7k7k.com,www.7k7k.com.json,96,n5.7k7kimg.cn,0,0,0,517,0,3340,0,85,615,266,1034,0,0,0,0,23,0,0,0,0,0,0,0,0,0,0,0,0,0,0
www.7k7k.com,www.7k7k.com.json,97,n5.7k7kimg.cn,0,0,0,517,0,3340,0,85,615,266,1415,0,0,0,0,23,0,0,0,0,0,0,0,0,0,0,0,0,0,0
www.7k7k.com,www.7k7k.com.json,98,n5.7k7kimg.cn,0,0,0,517,0,3340,0,85,615,266,1341,0,0,0,0,23,0,0,0,0,0,0,0,0,0,0,0,0,0,0
www.7k7k.com,www.7k7k.com.json,99,i5.7k7kimg.cn,0,0,0,519,0,148,0,43,0,606,0,5692,0,609,2904,0,1530,0,607,4360,0,609,4715,0,606,5118,0,612,4356,0
www.7k7k.com,www.7k7k.com.json,100,i1.7k7kimg.cn,0,0,0,519,0,148,0,43,0,606,0,4319,0,606,4415,0,612,2882,0,3734,0,606,4591,0,612,2882,794,0,612,2904
www.7k7k.com,www.7k7k.com.json,101,i1.7k7kimg.cn,0,0,0,519,0,148,0,43,0,609,0,2904,1794,0,609,5927,0,609,6318,0,605,5437,0,605,6509,0,612,0,4356,9274
www.7k7k.com,www.7k7k.com.json,102,www.7k7kjs.cn,0,0,0,519,0,148,0,43,642,0,1599,0,651,4342,1452,0,4356,0,6114,5808,0,5808,0,7260,0,1452,8712,0,4356,0
www.7k7k.com,www.7k7k.com.json,104,www.7k7kjs.cn,0,0,0,519,0,148,0,43,652,0,9016,0,647,4523,0,649,1452,881,0,659,5808,9150,0,651,0,319,586,0,0,0
www.7k7k.com,www.7k7k.com.json,103,www.7k7kjs.cn,0,0,0,519,0,148,0,43,642,0,4356,0,1183,649,1452,3484,0,649,3805,0,561,2806,26,0,553,2335,26,0,576,1019
www.7k7k.com,www.7k7k.com.json,105,www.7k7kjs.cn,0,0,0,519,0,148,0,43,647,0,16240,0,2904,0,10229,0,652,1805,0,557,2776,26,0,571,2835,26,0,661,4052,0
www.7k7k.com,www.7k7k.com.json,106,i5.7k7kimg.cn,0,0,0,519,0,148,0,43,612,0,4948,0,612,4356,4356,0,2904,0,2904,5808,2380,0,621,0,4356,2904,0,4311,0,612
www.7k7k.com,www.7k7k.com.json,107,i5.7k7kimg.cn,0,0,0,519,0,148,0,43,0,612,0,2904,0,1452,1150,0,612,2904,3724,0,609,1452,2904,2190,0,612,0,1452,5808,0
www.7k7k.com,www.7k7k.com.json,108,i2.7k7kimg.cn,0,0,0,519,0,148,0,43,0,612,0,2904,2904,2904,1452,0,1672,0,612,2904,3054,0,606,4356,1471,0,607,1452,1430,2310
www.7k7k.com,www.7k7k.com.json,112,n1.7k7kimg.cn,0,0,0,517,0,3340,0,85,606,266,2156,0,0,0,0,23,0,0,0,0,0,0,0,0,0,0,0,0,0,0
www.7k7k.com,www.7k7k.com.json,111,n1.7k7kimg.cn,0,0,0,517,0,2904,0,436,0,85,606,266,2240,0,0,0,0,23,0,0,0,0,0,0,0,0,0,0,0,0
www.7k7k.com,www.7k7k.com.json,113,i4.7k7kimg.cn,0,0,0,519,0,148,0,43,0,0,0,0,23,0,0,0,0,0,0,0,0,0,0,0,0,0,0,0,0,0
www.7k7k.com,www.7k7k.com.json,114,i1.7k7kimg.cn,0,0,0,519,0,148,0,43,0,0,0,0,23,0,0,0,0,0,0,0,0,0,0,0,0,0,0,0,0,0
bbs.kanxue.com,bbs.kanxue.com.json,3,bbs.kanxue.com,0,0,0,615,0,260,0,80,726,0,2769,0,761,2880,0,2880,0,2417,0,761,1440,1440,0,2880,0,2214,0,703,1205,0
bbs.kanxue.com,bbs.kanxue.com.json,2,bbs.kanxue.com,0,0,0,615,0,260,0,80,728,0,2880,0,2880,0,1115,0,762,2880,1440,0,0,1440,0,1440,0,1440,0,1440,0,1440
bbs.kanxue.com,bbs.kanxue.com.json,4,bbs.kanxue.com,0,0,0,517,0,2880,0,2550,0,80,722,287,287,0,2880,0,891,0,762,2880,0,2880,0,2880,0,201,0,706,2880,0
bbs.kanxue.com,bbs.kanxue.com.json,5,bbs.kanxue.com,0,0,0,517,0,2880,0,2550,0,80,774,287,287,0,2880,0,2880,0,1989,0,761,2880,0,1440,1440,0,2880,0,504,709
bbs.kanxue.com,bbs.kanxue.com.json,6,bbs.kanxue.com,0,0,0,615,0,260,0,80,1003,0,2880,0,2880,0,2880,0,2880,0,2880,0,1440,2880,0,1178,1084,0,2880,0,2880,0
bbs.kanxue.com,bbs.kanxue.com.json,7,bbs.kanxue.com,0,0,0,615,0,260,0,80,1084,0,2880,0,2880,0,2880,0,2880,0,2880,0,1440,566,0,2880,0,2880,0,2880,0,2880
bbs.kanxue.com,bbs.kanxue.com.json,8,bbs.kanxue.com,0,0,0,517,0,2880,0,2550,0,80,1084,287,287,0,0,2880,0,2880,0,2880,0,2880,0,2880,0,2006,0,2880,0,2880
bbs.kanxue.com,bbs.kanxue.com.json,9,bbs.kanxue.com,0,0,0,615,0,260,0,80,1084,0,2880,0,2880,0,2880,0,2880,0,2880,0,1440,2880,0,2880,0,2880,0,1457,0,1084
bbs.kanxue.com,bbs.kanxue.com.json,10,www.kanxue.com,0,0,0,615,0,260,0,80,926,0,742,0,0,0,0,0,0,0,0,0,0,0,0,0,0,0,0,0,0,0
bbs.kanxue.com,bbs.kanxue.com.json,11,bbs.kanxue.com,0,0,0,615,0,260,0,80,1084,0,2880,0,2880,0,2880,0,2880,0,2880,0,1440,566,0,2880,0,2880,0,2880,0,2880
bbs.kanxue.com,bbs.kanxue.com.json,12,bbs.kanxue.com,0,0,0,517,0,2880,2550,0,0,80,1084,287,287,0,0,1440,1440,0,2880,0,2880,0,1440,1440,0,2880,0,2006,0,2880
bbs.kanxue.com,bbs.kanxue.com.json,13,bbs.kanxue.com,0,0,0,615,0,260,0,80,1120,0,2880,2880,2880,2880,2880,1440,566,0,0,2880,0,2880,0,2880,0,2880,0,2880,0,2880
bbs.kanxue.com,bbs.kanxue.com.json,14,bbs.kanxue.com,0,0,0,615,0,260,0,80,0,1084,0,2880,0,2880,0,2880,0,2880,0,2880,0,1440,566,0,2880,0,2880,0,395,0
bbs.kanxue.com,bbs.kanxue.com.json,15,www.kanxue.com,0,0,0,517,0,2880,0,2550,0,80,287,287,0,936,751,0,991,794,0,927,742,0,918,735,0,1049,0,833,0,923
bbs.kanxue.com,bbs.kanxue.com.json,16,bbs.kanxue.com,0,0,0,517,0,1440,0,1440,0,1440,0,1110,0,80,1084,0,287,287,0,2880,0,2880,0,2880,0,2880,0,2880,0,2006
bbs.kanxue.com,bbs.kanxue.com.json,18,bbs.kanxue.com,0,0,0,517,0,2880,0,2550,0,80,1084,287,287,0,0,2880,0,2880,0,2880,0,2880,0,2880,0,2006,0,2880,0,2880
bbs.kanxue.com,bbs.kanxue.com.json,17,bbs.kanxue.com,0,0,0,517,0,2880,0,2550,0,80,1084,287,287,0,0,2880,0,2880,0,2880,0,2880,0,2880,0,2006,0,2880,0,2880
bbs.kanxue.com,bbs.kanxue.com.json,19,bbs.kanxue.com,0,0,0,517,0,2880,0,1440,0,1110,0,80,1084,287,287,0,0,2880,0,2880,0,2880,0,2880,0,2880,0,2006,0,1440
bbs.kanxue.com,bbs.kanxue.com.json,20,www.kanxue.com,0,0,0,615,0,260,0,80,479,0,870,0,479,870,0,479,870,0,479,0,870,0,479,0,870,0,479,0,870,0
bbs.kanxue.com,bbs.kanxue.com.json,21,passport.kanxue.com,0,0,0,636,0,260,0,80,0,0,24,0,0,0,0,0,0,0,0,0,0,0,0,0,0,0,0,0,0,0
bbs.kanxue.com,bbs.kanxue.com.json,22,passport.kanxue.com,0,0,0,636,0,260,0,80,0,0,24,0,0,0,0,0,0,0,0,0,0,0,0,0,0,0,0,0,0,0
bbs.kanxue.com,bbs.kanxue.com.json,23,www.kanxue.com,0,0,0,517,0,2880,0,2550,0,80,973,0,287,287,0,783,0,925,740,0,973,0,784,0,918,0,734,0,909,722
bbs.kanxue.com,bbs.kanxue.com.json,24,passport.kanxue.com,0,0,0,636,0,260,0,80,764,0,2880,0,2880,0,2880,0,2880,0,2880,0,525,0,764,0,2880,0,2880,0,2880,0
bbs.kanxue.com,bbs.kanxue.com.json,25,passport.kanxue.com,0,0,0,636,0,260,0,80,755,0,1795,0,764,0,2880,0,2880,0,2880,0,2880,0,1444,0,764,0,1440,1440,2880,2880
bbs.kanxue.com,bbs.kanxue.com.json,26,passport.kanxue.com,0,0,0,636,0,260,0,80,764,0,1440,1440,0,2880,0,2880,0,2880,0,1995,0,764,0,2880,0,2880,0,2880,0,2880
bbs.kanxue.com,bbs.kanxue.com.json,27,passport.kanxue.com,0,0,0,517,0,2880,0,2550,0,80,764,303,303,0,0,2880,2880,2880,2880,2880,2880,2880,2880,1440,0,2880,0,2880,0,2866
bbs.kanxue.com,bbs.kanxue.com.json,28,passport.kanxue.com,0,0,0,517,0,2880,0,1440,0,1110,0,80,764,303,303,0,0,2880,0,2880,0,2388,0,764,0,2880,0,2880,0,2880
bbs.kanxue.com,bbs.kanxue.com.json,29,www.kanxue.com,0,0,0,517,0,2880,0,2550,0,80,1081,287,287,0,852,0,936,751,0,963,774,0,909,722,0,927,743,0,964,0
bbs.kanxue.com,bbs.kanxue.com.json,30,passport.kanxue.com,0,0,0,517,0,2880,0,2550,0,80,764,303,303,0,0,2880,2880,2880,2880,694,694,0,764,0,2880,0,2880,0,2880,0
bbs.kanxue.com,bbs.kanxue.com.json,31,passport.kanxue.com,0,0,0,636,0,260,0,80,764,0,2880,0,2880,0,2880,0,2880,0,2880,0,1440,566,0,2880,0,2130,0,764,0,2880
bbs.kanxue.com,bbs.kanxue.com.json,32,passport.kanxue.com,0,0,0,636,0,260,0,80,0,764,0,2880,0,2880,0,2880,0,2880,0,2880,0,1440,566,0,2880,0,2880,0,2880,0
bbs.kanxue.com,bbs.kanxue.com.json,33,passport.kanxue.com,0,0,0,517,0,2880,2550,0,0,80,764,303,303,0,0,2880,2880,2880,1652,0,0,0,0,0,0,24,0,0,0,0
bbs.kanxue.com,bbs.kanxue.com.json,34,passport.kanxue.com,0,0,0,636,0,260,0,80,764,0,2880,0,2880,0,2880,0,2880,0,2880,0,1440,2517,0,0,0,0,0,0,24,0
my.4399.com,my.4399.com.json,4,s4.img4399.com,0,0,517,0,4096,15,0,0,85,599,266,1452,2889,3360,0,595,2810,0,0,0,0,23,0,0,0,0,0,0,0,0
my.4399.com,my.4399.com.json,14,f1.img4399.com,0,0,0,517,0,4096,0,2109,0,85,606,266,1394,2904,0,1708,0,606,2904,1410,1616,0,606,1452,4195,0,622,5808,0,8712
my.4399.com,my.4399.com.json,15,f1.img4399.com,0,0,0,517,0,1452,0,2644,0,1452,0,657,0,85,606,266,1452,0,3610,0,605,4356,1154,0,606,1394,1452,2167,0,0
my.4399.com,my.4399.com.json,17,f1.img4399.com,0,0,0,517,0,2904,0,1192,0,2109,0,85,606,266,1394,5114,0,605,1452,1452,4029,0,606,2904,2870,411,0,642,4356,0
my.4399.com,my.4399.com.json,16,f1.img4399.com,0,0,0,517,0,1452,0,2644,0,2109,0,85,606,0,266,4356,0,1063,0,0,0,0,23,0,0,0,0,0,0,0
my.4399.com,my.4399.com.json,19,f1.img4399.com,0,0,0,517,0,4096,0,2109,0,85,606,266,2904,3377,0,0,0,0,23,0,0,0,0,0,0,0,0,0,0,0
my.4399.com,my.4399.com.json,18,f1.img4399.com,0,0,0,517,0,1452,0,2644,0,2109,0,85,605,266,4314,2174,0,0,0,0,23,0,0,0,0,0,0,0,0,0
my.4399.com,my.4399.com.json,20,4399stat.5054399.com,0,0,0,517,0,4096,15,0,0,85,535,282,449,1359,26,0,0,639,0,367,0,640,0,367,0,645,0,367,0,638
my.4399.com,my.4399.com.json,22,p.img4399.com,0,0,0,517,0,4096,15,0,0,85,609,266,2904,0,4356,0,4356,0,7260,0,4356,4356,2904,1094,0,608,4314,4356,4356,0
my.4399.com,my.4399.com.json,21,p.img4399.com,0,0,0,517,0,4096,15,0,0,85,609,266,546,1452,0,2904,1505,8712,1874,0,7260,0,1452,2904,0,2260,0,608,2366,0
my.4399.com,my.4399.com.json,23,p.img4399.com,0,0,0,517,0,4096,15,0,0,85,609,0,266,0,554,1452,0,0,2904,0,1452,0,8712,0,5808,0,4356,0,2904,0
my.4399.com,my.4399.com.json,30,s1.img4399.com,0,0,0,517,0,2904,0,1192,0,503,0,85,608,0,266,1452,0,2904,0,1995,0,595,4356,0,1418,2429,0,0,0,0
my.4399.com,my.4399.com.json,32,s4.img4399.com,0,0,0,517,0,2904,0,1192,15,0,0,85,594,0,266,3819,0,0,0,0,0,0,0,0,0,0,0,0,0,0
my.4399.com,my.4399.com.json,31,s1.img4399.com,0,0,0,517,0,4096,0,503,0,85,0,266,0,0,0,0,0,0,0,0,0,0,0,0,0,0,0,0,0,0
my.4399.com,my.4399.com.json,38,p.img4399.com,0,0,0,519,0,148,0,43,608,0,4356,921,0,608,2904,0,1452,1418,2904,4356,0,2904,1452,5808,0,2082,0,608,1394,1452
my.4399.com,my.4399.com.json,37,p.img4399.com,0,0,0,519,0,148,0,43,608,0,4356,8712,0,0,1452,1721,1452,0,4356,1452,2904,1452,1452,0,4356,0,2904,0,2178,0
my.4399.com,my.4399.com.json,36,p.img4399.com,0,0,0,519,0,148,0,43,608,0,0,4356,0,1594,0,608,0,555,16405,14601,0,610,0,542,2941,1452,2904,4356,1452,0
my.4399.com,my.4399.com.json,40,my.4399.com,0,0,0,517,0,156,0,51,0,1145,0,937,0,1151,0,461,0,809,0,1070,0,474,12305,0,0,1027,0,491,0,1069
my.4399.com,my.4399.com.json,41,my.4399.com,0,0,0,517,0,156,0,51,0,0,0,0,0,0,0,0,0,0,0,0,0,0,0,0,0,0,0,0,0,0
my.4399.com,my.4399.com.json,42,s1.img4399.com,0,0,0,517,0,1452,0,2644,0,503,0,85,736,266,2904,0,4356,0,2904,0,4356,0,2904,8712,1452,2904,4356,0,7260,0
my.4399.com,my.4399.com.json,43,jssdk.3304399.net,0,0,0,517,0,4096,15,0,0,85,557,0,266,548,1452,0,7260,1452,1452,4356,2904,2044,0,0,0,0,0,0,0,0
my.4399.com,my.4399.com.json,44,v.3304399.net,0,0,0,517,0,3741,0,85,618,266,4356,0,2904,0,2904,0,6294,4356,2904,0,7260,1885,2904,2904,1452,4356,4789,7260,2904,4430
my.4399.com,my.4399.com.json,45,my.4399.com,0,0,0,517,0,156,0,51,1672,0,0,655,0,1645,0,0,4356,0,8712,0,1349,0,1298,0,1602,0,0,491,0,1641
my.4399.com,my.4399.com.json,48,my.4399.com,0,0,0,517,0,156,0,51,0,1644,0,0,14579,0,1601,0,0,433,86,0,1703,0,0,4356,4356,0,4356,1348,0,44
my.4399.com,my.4399.com.json,49,p.img4399.com,0,0,0,519,0,148,0,43,608,0,2093,0,607,4356,0,799,607,2904,0,2904,1452,2904,4356,1734,0,2904,0,2351,0,607
my.4399.com,my.4399.com.json,50,p.img4399.com,0,0,0,519,0,148,0,43,608,0,7234,1452,4356,3222,4356,2904,2942,0,607,2904,0,4356,0,1452,10164,0,2904,1452,2904,0
my.4399.com,my.4399.com.json,51,p.img4399.com,0,0,0,519,0,148,0,43,608,0,2242,0,607,1394,939,0,607,1452,1452,0,1410,1452,0,7260,0,4356,0,2904,0,2904
my.4399.com,my.4399.com.json,52,p.img4399.com,0,0,0,519,0,148,0,43,608,0,1394,2904,5808,4356,1801,4356,4356,0,5808,4356,5740,0,607,553,1481,4401,2904,0,1452,7260
my.4399.com,my.4399.com.json,53,4399stat.5054399.com,0,0,0,542,0,148,0,43,638,0,366,0,634,0,366,0,637,0,366,0,639,0,366,0,637,0,366,0,637,0
my.4399.com,my.4399.com.json,54,s1.img4399.com,0,0,0,520,0,148,0,43,622,0,3251,0,621,529,1481,0,1452,1735,0,0,0,0,0,0,0,0,0,0,0,0
my.4399.com,my.4399.com.json,56,s1.img4399.com,0,0,0,520,0,148,0,43,553,0,1058,0,0,0,0,0,0,0,0,0,0,0,0,0,0,0,0,0,0,0
my.4399.com,my.4399.com.json,55,s1.img4399.com,0,0,0,520,0,148,0,43,605,0,5808,0,8712,0,1452,167,5808,0,2904,4356,0,4356,0,1452,1209,0,547,1452,1862,26
my.4399.com,my.4399.com.json,58,p.img4399.com,0,0,0,519,0,148,0,43,607,0,1394,2268,0,607,1394,2635,0,607,4356,7353,0,0,0,0,0,0,0,0,0,0
my.4399.com,my.4399.com.json,57,p.img4399.com,0,0,0,519,0,148,0,43,607,0,1452,2733,0,607,1394,2194,0,607,0,4356,0,4356,1927,0,607,0,4356,0,13068,0
my.4399.com,my.4399.com.json,59,my.4399.com,0,0,0,517,0,156,0,51,0,1644,0,0,462,13315,0,1601,0,0,434,86,0,1644,0,0,472,2949,10682,0,1601,0
my.4399.com,my.4399.com.json,60,s1.img4399.com,0,0,0,520,0,148,0,43,722,0,0,5808,7260,0,0,3337,0,8712,4356,0,8712,0,8712,0,8712,0,4248,0,4356,0
my.4399.com,my.4399.com.json,61,my.4399.com,0,0,0,517,0,156,0,51,1602,0,0,434,86,0,1704,0,0,462,1452,0,4356,1521,5484,0,1604,0,0,434,86,0
my.4399.com,my.4399.com.json,62,my.4399.com,0,0,0,517,0,156,0,51,0,1644,0,0,472,4356,8611,0,1601,0,0,432,86,0,1697,0,0,521,0,1647,0,0
my.4399.com,my.4399.com.json,64,p.img4399.com,0,0,0,519,0,148,0,43,610,0,4356,0,10164,0,1885,4356,0,3973,0,606,11616,0,2904,0,1712,5861,0,10586,0,10241
my.4399.com,my.4399.com.json,65,p.img4399.com,0,0,0,519,0,148,0,43,610,0,551,1481,12462,1445,1445,2930,10079,12749,0,4356,0,0,1505,1452,4356,0,1452,2904,0,1452
my.4399.com,my.4399.com.json,66,4399stat.5054399.com,0,0,0,542,0,148,0,43,640,0,367,0,640,0,367,0,680,0,367,0,639,367,0,637,367,0,640,367,0,639
my.4399.com,my.4399.com.json,63,p.img4399.com,0,0,0,519,0,148,0,43,610,0,14455,0,1445,1449,11616,14075,2941,2904,1452,4356,0,0,5808,0,2904,0,4356,0,4356,0
my.4399.com,my.4399.com.json,67,p.img4399.com,0,0,0,519,0,148,0,43,0,609,0,5808,0,1426,7260,0,1452,307,0,1452,5808,0,2904,0,8712,0,1452,8712,0,1452
my.4399.com,my.4399.com.json,68,s1.img4399.com,0,0,0,520,0,148,0,43,639,0,4314,4356,3245,0,0,691,1394,7260,0,1300,0,621,1452,0,1402,7260,0,0,2904,0
my.4399.com,my.4399.com.json,70,p.img4399.com,0,0,0,519,0,148,0,43,609,0,7234,0,7260,1759,0,1452,8712,0,1452,4810,0,10164,0,6262,0,1452,2904,0,1452,8712
my.4399.com,my.4399.com.json,69,p.img4399.com,0,0,0,519,0,148,0,43,609,0,1452,7260,0,1452,6077,2904,0,1452,5808,0,1452,4789,0,7260,0,13068,0,10164,0,5808
my.4399.com,my.4399.com.json,73,s1.img4399.com,0,0,0,520,0,148,0,43,693,0,1394,2904,0,4356,8712,0,4356,0,2904,0,13068,0,4356,0,2904,0,2904,0,4356,0
my.4399.com,my.4399.com.json,77,s1.img4399.com,0,0,0,520,0,148,0,43,706,0,1452,1452,0,2904,0,5808,1452,0,3337,4356,0,1604,0,708,7260,0,5808,0,2904,0
my.4399.com,my.4399.com.json,74,s1.img4399.com,0,0,0,520,0,148,0,43,695,0,11616,1458,2904,4356,4356,0,3968,0,707,4356,2904,4356,1452,0,3321,0,4356,4356,2904,0
my.4399.com,my.4399.com.json,78,s1.img4399.com,0,0,0,520,0,148,0,43,706,0,8712,6831,845,1452,4356,4356,4356,4356,4356,3915,0,0,706,10164,0,586,0,696,7178,0
my.4399.com,my.4399.com.json,76,s1.img4399.com,0,0,0,520,0,148,0,43,707,0,4356,4356,7655,4356,2904,1452,2904,4356,0,4356,1452,4356,4576,0,0,708,1394,1452,1452,0
my.4399.com,my.4399.com.json,75,s1.img4399.com,0,0,0,520,0,148,0,43,708,0,2904,1452,1418,2904,0,4356,7265,0,605,1452,4322,1452,4356,0,2904,0,8712,0,1452,4356
my.4399.com,my.4399.com.json,80,my.4399.com,0,0,0,517,0,156,0,51,1783,0,0,4356,0,4356,0,4111,0,1683,0,0,433,86,0,1681,229,0,0,0,433,86
my.4399.com,my.4399.com.json,81,v.3304399.net,0,0,0,519,0,148,0,43,595,0,4342,2904,1452,0,4356,2904,520,1452,2904,1452,0,1452,1452,1452,0,4356,0,4847,0,1452
my.4399.com,my.4399.com.json,82,newsimg.5054399.com,0,0,0,517,0,1452,0,2644,0,1374,0,85,636,282,456,4356,0,8712,4356,0,1832,0,638,454,1452,0,2904,4356,582,0
my.4399.com,my.4399.com.json,83,newsimg.5054399.com,0,0,0,517,0,4096,1374,0,0,85,636,282,5808,0,10164,1452,0,8712,0,2904,0,5808,0,11616,0,1779,0,0,0,0
my.4399.com,my.4399.com.json,84,newsimg.5054399.com,0,0,0,517,0,4096,0,1374,0,85,637,282,0,0,449,5861,10565,0,8781,4356,0,0,3289,0,5058,0,0,0,0,23
my.4399.com,my.4399.com.json,86,newsimg.5054399.com,0,0,0,517,0,2904,0,1192,1374,0,0,85,636,282,458,1452,0,2904,0,1452,4356,2904,8712,0,4356,0,8712,0,4356,0
my.4399.com,my.4399.com.json,85,newsimg.5054399.com,0,0,0,517,0,1452,0,2644,0,1374,0,85,636,282,443,1481,2904,1452,4356,2904,4356,0,4356,2767,1452,4356,4356,4356,4356,0
my.4399.com,my.4399.com.json,87,newsimg.5054399.com,0,0,0,517,0,4096,0,1374,0,85,638,282,458,1452,0,1489,1452,2949,2904,4356,0,8712,0,1452,11616,0,1452,1452,0,388
my.4399.com,my.4399.com.json,90,www.7k7kjs.cn,0,0,0,517,0,3363,0,85,580,266,1459,26,0,555,6391,26,0,573,1652,26,0,577,2877,280,0,566,4356,0,8712,0
my.4399.com,my.4399.com.json,89,www.7k7kjs.cn,0,0,0,517,0,3363,0,85,570,266,3474,26,0,558,1424,2474,26,0,582,1459,26,0,583,2904,0,1787,26,0,558,1423
my.4399.com,my.4399.com.json,88,www.7k7kjs.cn,0,0,0,517,0,3363,0,85,571,266,1652,26,0,560,0,0,884,26,0,0,0,0,0,0,0,0,0,0,0,0
my.4399.com,my.4399.com.json,93,www.7k7kjs.cn,0,0,0,517,0,3363,0,85,566,266,784,0,564,5797,1452,0,7255,26,0,554,0,0,4660,26,0,0,0,0,0,0
my.4399.com,my.4399.com.json,91,www.7k7kjs.cn,0,0,0,517,0,3363,0,85,570,266,3591,26,0,571,1424,1837,26,0,573,3111,26,0,567,2519,26,0,654,7289,3391,0
my.4399.com,my.4399.com.json,92,www.7k7kjs.cn,0,0,0,517,0,3363,0,85,559,266,8712,0,13068,0,8712,0,3881,0,578,1528,26,0,553,1424,2577,26,0,556,5804,2904
my.4399.com,my.4399.com.json,95,i2.7k7kimg.cn,0,0,0,517,0,3340,0,85,266,0,609,4356,0,1672,0,609,2882,1452,1679,0,609,1452,3847,0,612,8712,0,1697,0,609
my.4399.com,my.4399.com.json,94,i2.7k7kimg.cn,0,0,0,517,0,3340,0,85,266,0,609,1422,0,4356,0,1205,0,612,1452,4054,0,607,1422,3506,0,607,1452,3641,0,607
my.4399.com,my.4399.com.json,96,i4.7k7kimg.cn,0,0,0,517,0,1452,0,1888,0,85,266,0,609,5802,368,0,0,609,6158,0,604,2882,704,0,609,4342,2297,0,609,5456
my.4399.com,my.4399.com.json,97,i4.7k7kimg.cn,0,0,0,517,0,1452,0,1888,0,85,266,0,609,4356,0,1625,0,609,5950,0,612,4356,4342,0,607,1422,3402,0,612,4356
my.4399.com,my.4399.com.json,98,www.7k7kjs.cn,0,0,0,519,0,148,0,43,0,567,0,2661,26,0,652,4568,0,660,1768,0,651,8726,0,657,1422,482,0,560,1423,2904
my.4399.com,my.4399.com.json,99,www.7k7kjs.cn,0,0,0,519,0,148,0,43,0,545,0,1452,0,652,5808,0,7294,1452,0,0,1853,516,0,0,614,1422,1164,0,548,2904
my.4399.com,my.4399.com.json,101,i1.7k7kimg.cn,0,0,0,517,0,3340,0,85,266,609,6021,0,609,1422,4584,0,612,1422,2904,4356,5418,0,609,4731,0,612,2882,8712,4033,0
my.4399.com,my.4399.com.json,100,i1.7k7kimg.cn,0,0,0,517,0,3340,0,85,266,0,612,8712,0,6319,0,612,8712,8712,8712,8712,0,8712,4356,0,0,13298,0,609,4356,0
my.4399.com,my.4399.com.json,102,i2.7k7kimg.cn,0,0,0,519,0,148,0,43,612,0,4342,1485,0,612,1452,1430,7260,0,2904,502,0,609,4342,105,0,612,4356,1446,2904,0
my.4399.com,my.4399.com.json,104,i2.7k7kimg.cn,0,0,0,519,0,148,0,43,607,0,1422,3365,0,612,4356,0,2904,0,4356,0,5498,0,609,6282,0,609,5488,0,609,6544
my.4399.com,my.4399.com.json,103,i1.7k7kimg.cn,0,0,0,519,0,148,0,43,609,0,6507,0,612,8712,2904,0,1386,0,609,1452,0,1452,0,1680,0,609,1422,3516,0,609
my.4399.com,my.4399.com.json,108,i2.7k7kimg.cn,0,0,0,519,0,148,0,43,609,0,5831,0,612,2904,0,13352,18925,0,609,4930,0,609,1449,4018,0,609,4356,2481,0,604
my.4399.com,my.4399.com.json,105,i1.7k7kimg.cn,0,0,0,519,0,148,0,43,612,0,2882,1452,8712,4100,0,609,2904,3463,0,609,2904,2367,0,609,4356,0,1207,609,2904,2869
my.4399.com,my.4399.com.json,106,i2.7k7kimg.cn,0,0,0,519,0,148,0,43,609,0,6697,0,609,4267,0,609,1422,2904,1452,0,337,0,609,4356,0,1338,0,609,2904,0
my.4399.com,my.4399.com.json,110,i1.7k7kimg.cn,0,0,0,519,0,148,0,43,609,0,1452,4111,0,609,5749,0,612,5808,0,2904,4356,4356,0,748,0,612,4356,0,4356,0
my.4399.com,my.4399.com.json,112,i4.7k7kimg.cn,0,0,0,519,0,148,0,43,609,0,2904,1452,0,1264,0,609,1452,0,4333,0,612,4356,2772,0,609,4369,2505,0,602,4356
my.4399.com,my.4399.com.json,109,i4.7k7kimg.cn,0,0,0,519,0,148,0,43,609,0,6401,0,609,4356,0,1374,0,609,1449,2904,0,0,1452,0,370,0,609,5192,0,609
my.4399.com,my.4399.com.json,113,i1.7k7kimg.cn,0,0,0,519,0,148,0,43,607,0,1422,2551,0,609,1422,2562,0,609,2882,1483,0,609,4356,0,1074,609,4136,0,609,4356
my.4399.com,my.4399.com.json,107,i4.7k7kimg.cn,0,0,0,519,0,148,0,43,609,0,0,1449,3946,0,609,1422,2889,0,612,2909,0,2904,1452,3927,0,612,4356,4356,0,2904
my.4399.com,my.4399.com.json,111,i4.7k7kimg.cn,0,0,0,519,0,148,0,43,609,0,0,2904,0,3666,0,612,1449,1452,0,2904,0,1452,8712,2904,0,2904,1807,0,609,1422
my.4399.com,my.4399.com.json,115,news.7k7k.com,0,0,0,517,0,3335,0,85,782,266,4336,0,2467,26,0,813,1571,0,0,0,0,23,0,0,0,0,0,0,0,0
my.4399.com,my.4399.com.json,116,n3.7k7kimg.cn,0,0,0,517,0,2904,0,436,0,85,602,266,2904,0,4356,0,1452,1452,0,1452,1452,0,1452,1452,0,1452,1452,0,2904,0
my.4399.com,my.4399.com.json,118,www.7k7kjs.cn,0,0,0,519,0,148,0,43,0,0,0,23,0,0,0,0,0,0,0,0,0,0,0,0,0,0,0,0,0,0
my.4399.com,my.4399.com.json,120,i.7k7kimg.cn,0,0,0,518,0,148,0,43,614,0,801,1452,0,4356,1513,1452,4409,4356,0,4321,0,0,0,0,23,0,0,0,0,0
my.4399.com,my.4399.com.json,123,www.7k7kjs.cn,0,0,0,519,0,148,0,43,572,0,1022,26,0,652,4356,1446,0,4356,4356,1763,7260,4356,0,2904,0,5808,0,4356,0,2904
my.4399.com,my.4399.com.json,124,www.7k7kjs.cn,0,0,0,519,0,148,0,43,647,0,1422,1818,0,654,2904,4356,0,0,2904,0,1452,4641,8712,0,2904,4356,7260,5808,2904,0
my.4399.com,my.4399.com.json,125,i5.7k7kimg.cn,0,0,0,519,0,148,0,43,0,612,0,5101,0,612,4356,1446,0,1452,0,2112,0,607,5201,0,606,4970,0,606,4437,0
my.4399.com,my.4399.com.json,127,i.7k7kimg.cn,0,0,0,518,0,148,0,43,598,0,1422,3017,0,599,1892,0,606,1195,0,606,3083,0,609,1422,2904,0,1348,606,3865,0
my.4399.com,my.4399.com.json,128,i.7k7kimg.cn,0,0,0,518,0,148,0,43,0,606,0,2885,0,608,3972,0,606,1422,2023,0,606,4356,0,1281,0,607,2904,0,1499,0
my.4399.com,my.4399.com.json,129,resource.a0bi.com,0,0,0,523,0,148,0,43,551,0,4356,0,978,26,0,577,1451,3668,26,0,587,4356,0,18876,0,2904,2904,5808,0,842
my.4399.com,my.4399.com.json,130,i.7k7kimg.cn,0,0,0,518,0,148,0,43,0,607,0,2882,0,1452,638,0,610,996,609,3606,0,0,0,0,23,0,0,0,0,0
my.4399.com,my.4399.com.json,131,resource.a0bi.com,0,0,0,523,0,148,0,43,630,0,1452,2249,0,631,2904,0,5141,0,566,4356,2904,4356,2904,0,0,4356,0,1452,2904,5808
my.4399.com,my.4399.com.json,133,i3.7k7kimg.cn,0,0,0,519,0,148,0,43,0,612,0,4356,0,3023,0,604,4356,0,1211,0,607,2882,1452,0,0,2335,0,609,2882,1452
my.4399.com,my.4399.com.json,134,i3.7k7kimg.cn,0,0,0,519,0,148,0,43,0,612,0,4356,3045,0,612,4356,2904,1321,0,604,1422,2054,0,612,1422,5808,5808,0,2904,2543
my.4399.com,my.4399.com.json,136,i2.7k7kimg.cn,0,0,0,519,0,148,0,43,612,0,11616,0,4789,4356,0,2904,0,8664,0,612,4356,0,2904,0,4356,0,1452,2904,3796,0
my.4399.com,my.4399.com.json,135,i2.7k7kimg.cn,0,0,0,519,0,148,0,43,612,0,7260,0,8986,0,13068,3579,0,612,4356,5808,0,0,8712,0,10164,7074,0,0,609,4676
my.4399.com,my.4399.com.json,137,i2.7k7kimg.cn,0,0,0,519,0,148,0,43,0,607,0,2882,1452,0,3137,0,603,4142,0,612,1452,5810,2904,0,5808,8712,2750,0,612,0
my.4399.com,my.4399.com.json,138,www.7k7kjs.cn,0,0,0,519,0,148,0,43,0,557,0,1424,2904,0,941,26,0,539,1424,951,26,0,539,3106,26,0,570,1012,26,0
my.4399.com,my.4399.com.json,140,i.7k7kimg.cn,0,0,0,518,0,148,0,43,599,0,2904,1468,0,603,1792,0,601,2904,292,0,0,0,0,23,0,0,0,0,0,0
my.4399.com,my.4399.com.json,141,i.7k7kimg.cn,0,0,0,518,0,148,0,43,600,0,1422,1168,0,602,2904,0,13068,0,1452,1452,4356,0,1665,0,606,2882,1452,0,4356,4356
my.4399.com,my.4399.com.json,139,i.7k7kimg.cn,0,0,0,518,0,148,0,43,602,0,13102,3294,1481,45012,0,0,4356,1452,2904,0,2904,0,4356,0,1452,2904,0,2904,0,8712
my.4399.com,my.4399.com.json,142,i.7k7kimg.cn,0,0,0,518,0,148,0,43,0,0,0,0,23,0,0,0,0,0,0,0,0,0,0,0,0,0,0,0,0,0
my.4399.com,my.4399.com.json,143,n5.7k7kimg.cn,0,0,0,517,0,3340,0,85,615,266,1034,0,0,0,0,23,0,0,0,0,0,0,0,0,0,0,0,0,0,0
my.4399.com,my.4399.com.json,144,n5.7k7kimg.cn,0,0,0,517,0,3340,0,85,615,266,1415,0,0,0,0,23,0,0,0,0,0,0,0,0,0,0,0,0,0,0
my.4399.com,my.4399.com.json,145,n5.7k7kimg.cn,0,0,0,517,0,3340,0,85,615,266,1341,0,0,0,0,23,0,0,0,0,0,0,0,0,0,0,0,0,0,0
www.haodf.com,www.haodf.com.json,1,m.haodf.com,0,0,0,517,0,4020,0,93,0,258,1,0,1,0,1,0,0,0,0,0,0,0,0,0,0,0,0,0,0,0
blog.csdn.net,blog.csdn.net.json,1,passport.csdn.net,0,0,0,517,0,3591,0,80,0,303,303,0,546,1102,0,639,0,1102,0,0,0,0,24,0,0,0,0,0,0,0
blog.csdn.net,blog.csdn.net.json,2,passport.csdn.net,0,0,0,517,0,2880,0,711,0,80,0,303,303,0,768,215,0,0,1141,0,768,768,0,0,216,0,1196,0,1440,481
blog.csdn.net,blog.csdn.net.json,4,blog.csdn.net,0,0,0,614,0,260,0,80,768,0,768,0,316,0,5760,5760,4320,1206,0,768,768,0,0,359,0,4320,0,1440,5760,4886
blog.csdn.net,blog.csdn.net.json,5,blog.csdn.net,0,0,0,614,0,260,0,80,0,768,768,0,0,364,0,2880,0,2880,5760,0,2489,0,1440,335,0,0,313,0,1926,0
blog.csdn.net,blog.csdn.net.json,6,blog.csdn.net,0,0,0,517,0,3591,0,80,768,0,287,768,287,0,492,0,0,5760,5760,4886,4320,1440,0,4320,0,1440,4620,0,1440,552
blog.csdn.net,blog.csdn.net.json,7,blog.csdn.net,0,0,0,517,0,3591,0,80,0,287,287,0,768,768,768,0,0,443,0,0,1045,0,0,0,0,24,0,0,0,0
blog.csdn.net,blog.csdn.net.json,8,passport.csdn.net,0,0,0,634,0,260,0,80,705,0,1102,0,707,0,1102,0,0,0,0,24,0,0,0,0,0,0,0,0,0,0
blog.csdn.net,blog.csdn.net.json,9,passport.csdn.net,0,0,0,634,0,260,0,80,768,0,768,0,491,0,0,1066,1440,730,0,0,401,1984,0,0,1149,0,2030,0,0,0
blog.csdn.net,blog.csdn.net.json,10,blog.csdn.net,0,0,0,614,0,260,0,80,768,0,0,768,517,0,1865,0,0,0,0,24,0,0,0,0,0,0,0,0,0,0
blog.csdn.net,blog.csdn.net.json,11,blog.csdn.net,0,0,0,614,0,260,0,80,768,0,768,0,472,0,0,5760,1440,4320,0,4320,0,2302,0,1440,559,0,0,4320,0,1440
blog.csdn.net,blog.csdn.net.json,12,blog.csdn.net,0,0,0,517,0,3591,0,80,0,287,287,0,0,0,0,24,0,0,0,0,24,0,0,0,0,0,0,0,0,0
blog.csdn.net,blog.csdn.net.json,14,blog.csdn.net,0,0,0,614,0,260,0,80,768,0,768,0,468,0,0,4320,2880,0,1440,4320,2880,0,2073,0,1440,559,0,0,4320,0
blog.csdn.net,blog.csdn.net.json,13,blog.csdn.net,0,0,0,614,0,260,0,80,0,768,768,0,0,447,0,2880,0,1440,4320,2880,0,1440,2880,0,956,0,1440,414,0,0
blog.csdn.net,blog.csdn.net.json,15,blog.csdn.net,0,0,0,517,0,3591,0,80,768,0,768,287,287,0,0,473,0,0,5760,2880,0,2880,1440,0,3446,0,1227,0,1440,561
blog.csdn.net,blog.csdn.net.json,16,blog.csdn.net,0,0,0,517,0,3591,0,80,0,287,287,0,0,0,0,24,0,0,0,0,0,0,0,0,0,0,0,0,0,0
blog.csdn.net,blog.csdn.net.json,17,blog.csdn.net,0,0,0,614,0,260,0,80,0,0,0,0,24,0,0,0,0,24,0,0,0,0,0,0,0,0,0,0,0,0
blog.csdn.net,blog.csdn.net.json,18,blog.csdn.net,0,0,0,614,0,260,0,80,768,0,768,0,466,0,0,5760,1440,0,4320,0,4320,0,4320,0,1440,5244,0,1440,559,0
blog.csdn.net,blog.csdn.net.json,20,blog.csdn.net,0,0,0,517,0,3591,0,80,0,287,287,0,768,768,0,0,445,0,4320,4320,4320,4320,362,362,0,1440,538,0,0,4320
blog.csdn.net,blog.csdn.net.json,19,blog.csdn.net,0,0,0,517,0,3591,0,80,768,0,287,287,768,0,0,470,0,0,4320,4320,4320,3446,4320,1440,0,0,4320,0,4320,467
blog.csdn.net,blog.csdn.net.json,21,blog.csdn.net,0,0,0,614,0,260,0,80,0,768,768,0,0,444,0,7200,0,4320,0,2880,1440,0,7200,1440,0,2563,0,1440,549,0
blog.csdn.net,blog.csdn.net.json,22,blog.csdn.net,0,0,0,614,0,260,0,80,768,0,768,479,0,0,5760,5760,4320,1440,0,4320,0,1440,5760,0,1731,0,1440,557,0,0
blog.csdn.net,blog.csdn.net.json,23,blog.csdn.net,0,0,0,517,0,3591,0,80,768,0,287,287,768,0,0,448,0,0,5760,5760,1440,0,3446,0,4320,0,4320,0,1440,5760
blog.csdn.net,blog.csdn.net.json,24,blog.csdn.net,0,0,0,517,0,3591,0,80,0,287,287,0,0,0,0,24,0,0,0,0,24,0,0,0,0,0,0,0,0,0
blog.csdn.net,blog.csdn.net.json,26,blog.csdn.net,0,0,0,614,0,260,0,80,768,0,768,0,478,0,0,5760,5760,4320,1440,0,0,4320,0,1440,4320,0,1440,3786,0,1440
blog.csdn.net,blog.csdn.net.json,25,blog.csdn.net,0,0,0,614,0,260,0,80,0,0,0,0,24,0,0,0,0,24,0,0,0,0,0,0,0,0,0,0,0,0
blog.csdn.net,blog.csdn.net.json,27,blog.csdn.net,0,0,0,517,0,3591,0,80,0,287,287,0,0,0,0,24,0,0,0,0,24,0,0,0,0,0,0,0,0,0
blog.csdn.net,blog.csdn.net.json,28,blog.csdn.net,0,0,0,614,0,260,0,80,0,0,0,0,24,0,0,0,0,24,0,0,0,0,0,0,0,0,0,0,0,0
blog.csdn.net,blog.csdn.net.json,30,blog.csdn.net,0,0,0,517,0,3591,0,80,768,0,287,287,768,0,0,480,0,0,5760,5760,4886,4320,1440,0,0,4320,0,1440,2432,0
blog.csdn.net,blog.csdn.net.json,29,blog.csdn.net,0,0,0,517,0,3591,0,80,0,287,287,0,0,0,0,24,0,0,0,0,24,0,0,0,0,0,0,0,0,0
blog.csdn.net,blog.csdn.net.json,31,blog.csdn.net,0,0,0,614,0,260,0,80,768,0,0,768,502,0,0,5760,5760,4320,1440,0,4320,0,1440,4986,0,1440,557,0,0,599
blog.csdn.net,blog.csdn.net.json,32,blog.csdn.net,0,0,0,614,0,260,0,80,0,0,0,0,24,0,0,0,0,24,0,0,0,0,0,0,0,0,0,0,0,0
blog.csdn.net,blog.csdn.net.json,33,blog.csdn.net,0,0,0,614,0,260,0,80,0,0,0,0,24,0,0,0,0,0,0,0,0,0,0,0,0,0,0,0,0,0
blog.csdn.net,blog.csdn.net.json,34,blog.csdn.net,0,0,0,517,0,3591,0,80,768,0,768,287,287,0,0,449,0,0,4320,0,1440,5760,1440,0,3446,0,4320,0,4320,0
blog.csdn.net,blog.csdn.net.json,35,blog.csdn.net,0,0,0,517,0,3591,0,80,0,287,287,0,768,768,0,0,442,0,5760,5760,4886,4320,1440,0,0,4320,0,1440,1841,0
blog.csdn.net,blog.csdn.net.json,36,blog.csdn.net,0,0,0,614,0,260,0,80,768,0,768,0,473,0,0,5760,5760,4320,1440,0,0,2702,0,1440,561,561,1440,0,0,0
blog.csdn.net,blog.csdn.net.json,37,blog.csdn.net,0,0,0,614,0,260,0,80,0,0,0,0,24,0,0,0,0,24,0,0,0,0,0,0,0,0,0,0,0,0
blog.csdn.net,blog.csdn.net.json,38,blog.csdn.net,0,0,0,517,0,3591,0,80,768,0,287,287,768,0,0,474,0,0,4320,0,1440,5760,1440,0,3446,3068,0,1440,570,0
blog.csdn.net,blog.csdn.net.json,39,blog.csdn.net,0,0,0,517,0,3591,0,80,0,287,287,0,0,0,0,24,0,0,0,0,0,0,0,0,0,0,0,0,0,0
blog.csdn.net,blog.csdn.net.json,40,blog.csdn.net,0,0,0,614,0,260,0,80,768,0,768,0,473,0,0,5760,1440,0,4320,0,4320,0,2862,0,1440,560,0,0,4320,0
blog.csdn.net,blog.csdn.net.json,41,blog.csdn.net,0,0,0,614,0,260,0,80,0,0,0,0,24,0,0,0,0,24,0,0,0,0,0,0,0,0,0,0,0,0
blog.csdn.net,blog.csdn.net.json,42,blog.csdn.net,0,0,0,517,0,3591,0,80,768,0,287,287,768,0,0,459,0,0,4382,0,1440,481,481,1440,0,0,0,0,0,0
blog.csdn.net,blog.csdn.net.json,43,blog.csdn.net,0,0,0,517,0,3591,0,80,0,287,287,0,768,768,0,0,451,0,5760,2880,0,2880,1440,0,4320,0,706,0,1440,573
blog.csdn.net,blog.csdn.net.json,44,blog.csdn.net,0,0,0,614,0,260,0,80,0,0,0,0,24,0,0,0,0,0,0,0,0,0,0,0,0,0,0,0,0,0
blog.csdn.net,blog.csdn.net.json,45,blog.csdn.net,0,0,0,614,0,260,0,80,768,0,0,768,456,0,0,4390,0,1440,470,0,0,2853,0,1987,0,0,5760,5760,5760,5760
blog.csdn.net,blog.csdn.net.json,46,blog.csdn.net,0,0,0,517,0,3591,0,80,0,287,287,0,768,768,0,0,451,0,5760,5760,5760,181,181,0,1440,565,0,0,5760,5760
blog.csdn.net,blog.csdn.net.json,48,blog.csdn.net,0,0,0,614,0,260,0,80,0,768,768,0,0,446,0,2880,0,4320,0,7200,0,1440,4320,0,1440,4320,0,2880,407,0
blog.csdn.net,blog.csdn.net.json,47,blog.csdn.net,0,0,0,614,0,260,0,80,768,0,0,768,497,0,0,5760,1440,0,4320,4320,0,4698,0,1440,552,0,0,513,0,1983
blog.csdn.net,blog.csdn.net.json,49,blog.csdn.net,0,0,0,517,0,3591,0,80,768,0,287,287,768,0,0,473,0,0,4320,4320,0,4320,3446,0,3248,0,1440,542,0,0
blog.csdn.net,blog.csdn.net.json,50,blog.csdn.net,0,0,0,517,0,3591,0,80,0,287,287,0,768,768,0,0,467,0,768,0,1440,544,0,0,4320,0,1440,5760,0,0
blog.csdn.net,blog.csdn.net.json,51,blog.csdn.net,0,0,0,614,0,260,0,80,768,0,768,0,522,0,0,1440,1440,48,0,1440,588,0,0,2880,1440,0,1440,2880,0,2880
blog.csdn.net,blog.csdn.net.json,52,blog.csdn.net,0,0,0,614,0,260,0,80,768,0,768,0,479,0,0,4320,2880,0,1440,1440,0,2880,2512,0,1440,418,418,0,0,313
blog.csdn.net,blog.csdn.net.json,53,blog.csdn.net,0,0,0,517,0,3591,0,80,0,287,287,0,768,768,0,0,448,0,1409,0,0,0,0,24,0,0,0,0,24,0
blog.csdn.net,blog.csdn.net.json,54,blog.csdn.net,0,0,0,614,0,260,0,80,768,0,768,522,0,0,1364,0,1440,566,0,0,4320,0,1440,2880,0,0,2880,4886,0,0
blog.csdn.net,blog.csdn.net.json,56,blog.csdn.net,0,0,0,614,0,260,0,80,768,0,768,0,455,0,0,5760,5760,4320,1440,0,774,0,1440,470,0,0,957,0,1998,0
blog.csdn.net,blog.csdn.net.json,55,blog.csdn.net,0,0,0,517,0,3591,0,80,0,287,287,0,768,768,0,0,448,0,1044,0,0,0,1440,551,0,0,4320,4320,0,0
blog.csdn.net,blog.csdn.net.json,57,blog.csdn.net,0,0,0,614,0,260,0,80,768,0,0,768,522,0,0,2880,2880,1581,0,1440,596,0,0,2880,0,2880,0,2880,0,2880
blog.csdn.net,blog.csdn.net.json,58,blog.csdn.net,0,0,0,614,0,260,0,80,768,0,768,0,473,0,0,4320,2880,0,1440,4320,2880,0,2879,0,1440,566,0,0,5760,2880
blog.csdn.net,blog.csdn.net.json,59,blog.csdn.net,0,0,0,517,0,3591,0,80,0,287,287,0,0,0,0,24,0,0,0,0,0,0,0,0,0,0,0,0,0,0
blog.csdn.net,blog.csdn.net.json,60,blog.csdn.net,0,0,0,614,0,260,0,80,0,0,0,0,24,0,0,0,0,24,0,0,0,0,0,0,0,0,0,0,0,0
blog.csdn.net,blog.csdn.net.json,61,blog.csdn.net,0,0,0,614,0,260,0,80,768,0,0,768,483,0,0,2880,2880,2880,2880,2880,1440,0,2880,0,2880,0,2880,0,2880,0
blog.csdn.net,blog.csdn.net.json,62,blog.csdn.net,0,0,0,517,0,3591,0,80,768,0,287,768,287,0,482,0,4320,0,1440,5760,1440,0,1389,0,768,768,768,0,0,322
blog.csdn.net,blog.csdn.net.json,63,blog.csdn.net,0,0,0,517,0,3591,0,80,0,287,287,0,0,0,768,768,0,0,473,0,714,0,768,768,0,457,0,5760,5760,0
blog.csdn.net,blog.csdn.net.json,64,blog.csdn.net,0,0,0,614,0,260,0,80,768,0,768,0,481,0,0,2880,2880,2880,2880,2880,1440,1440,0,0,2880,2880,0,2880,0,2880
blog.csdn.net,blog.csdn.net.json,65,blog.csdn.net,0,0,0,614,0,260,0,80,0,0,0,0,24,0,0,0,0,0,0,0,0,0,0,0,0,0,0,0,0,0
blog.csdn.net,blog.csdn.net.json,66,blog.csdn.net,0,0,0,517,0,3591,0,80,768,0,287,287,768,0,0,482,0,0,4320,4320,4320,4320,4320,1440,0,0,4320,3894,0,1440
blog.csdn.net,blog.csdn.net.json,67,blog.csdn.net,0,0,0,517,0,3591,0,80,0,287,287,0,0,0,0,24,0,0,0,0,24,0,0,0,0,0,0,0,0,0
blog.csdn.net,blog.csdn.net.json,68,blog.csdn.net,0,0,0,614,0,260,0,80,768,0,768,0,474,0,0,5760,1440,0,4320,4320,0,5760,0,5760,239,0,0,1440,547,0
blog.csdn.net,blog.csdn.net.json,69,blog.csdn.net,0,0,0,614,0,260,0,80,0,0,0,24,0,0,0,0,0,0,0,0,0,0,0,0,0,0,0,0,0,0
blog.csdn.net,blog.csdn.net.json,70,blog.csdn.net,0,0,0,517,0,3591,0,80,0,287,287,0,0,0,0,24,0,0,0,0,24,0,0,0,0,0,0,0,0,0
blog.csdn.net,blog.csdn.net.json,71,blog.csdn.net,0,0,0,517,0,3591,0,80,768,0,287,287,768,0,0,470,0,0,4320,0,4320,4320,0,1865,0,1440,409,0,0,313
blog.csdn.net,blog.csdn.net.json,72,blog.csdn.net,0,0,0,614,0,260,0,80,0,0,0,768,768,768,0,0,453,0,0,754,0,1440,541,0,0,7200,7200,0,0,2880
blog.csdn.net,blog.csdn.net.json,73,blog.csdn.net,0,0,0,614,0,260,0,80,768,0,768,0,469,0,0,7200,0,6809,0,1440,409,0,0,313,0,0,0,1977,0,0
blog.csdn.net,blog.csdn.net.json,74,blog.csdn.net,0,0,0,517,0,3591,0,80,0,287,287,0,768,768,0,0,459,0,738,0,0,0,1440,535,0,0,5760,2880,0,0
blog.csdn.net,blog.csdn.net.json,75,blog.csdn.net,0,0,0,517,0,3591,0,80,768,0,287,287,768,0,0,447,0,0,4320,0,1440,5760,1440,0,3446,4320,0,3428,0,1440
blog.csdn.net,blog.csdn.net.json,76,blog.csdn.net,0,0,0,614,0,260,0,80,768,0,768,0,469,0,0,4320,4320,4320,2880,1440,0,213,0,1440,536,0,0,4320,0,4320
blog.csdn.net,blog.csdn.net.json,77,blog.csdn.net,0,0,0,614,0,260,0,80,0,768,768,0,0,444,0,4320,4320,4320,2880,1440,0,0,4320,0,4320,0,3130,0,1440,544
blog.csdn.net,blog.csdn.net.json,79,blog.csdn.net,0,0,0,517,0,3591,0,80,0,287,287,0,0,0,768,768,0,0,456,0,514,0,1440,409,0,0,313,0,0,0
blog.csdn.net,blog.csdn.net.json,78,blog.csdn.net,0,0,0,517,0,3591,0,80,768,0,287,287,768,0,0,470,0,0,4320,0,1440,5760,4886,0,4320,0,4320,0,1440,3605
blog.csdn.net,blog.csdn.net.json,80,blog.csdn.net,0,0,0,614,0,260,0,80,768,0,768,0,473,0,0,4320,0,1440,5760,1440,0,2880,0,4320,0,1440,5760,0,2344,0
blog.csdn.net,blog.csdn.net.json,81,blog.csdn.net,0,0,0,614,0,260,0,80,0,0,0,0,24,0,0,0,0,24,0,0,0,0,0,0,0,0,0,0,0,0
blog.csdn.net,blog.csdn.net.json,83,blog.csdn.net,0,0,0,517,0,3591,0,80,768,0,287,287,768,0,463,0,0,7200,7200,5760,0,1440,1440,0,565,0,1440,402,0,0
blog.csdn.net,blog.csdn.net.json,82,blog.csdn.net,0,0,0,517,0,3591,0,80,0,287,287,0,0,0,0,24,0,0,0,0,24,0,0,0,0,0,0,0,0,0
blog.csdn.net,blog.csdn.net.json,84,blog.csdn.net,0,0,0,614,0,260,0,80,768,0,768,0,477,0,0,7200,7200,1440,1440,0,4320,0,2880,5760,0,0,1440,1053,0,1440
blog.csdn.net,blog.csdn.net.json,85,blog.csdn.net,0,0,0,614,0,260,0,80,0,0,0,0,24,0,0,0,0,0,0,0,0,0,0,0,0,0,0,0,0,0
blog.csdn.net,blog.csdn.net.json,86,blog.csdn.net,0,0,0,517,0,3591,0,80,768,0,287,287,768,0,0,468,0,0,4320,0,2880,5760,0,1440,4262,0,1440,564,0,0
blog.csdn.net,blog.csdn.net.json,87,blog.csdn.net,0,0,0,517,0,3591,0,80,0,287,287,0,0,0,768,768,0,0,447,0,1042,0,0,0,0,24,0,0,0,0
blog.csdn.net,blog.csdn.net.json,88,passport.csdn.net,0,0,0,517,0,3591,0,80,747,0,303,303,0,0,1102,0,0,0,0,24,0,0,0,0,24,0,0,0,0,0
blog.csdn.net,blog.csdn.net.json,89,passport.csdn.net,0,0,0,517,0,3591,0,80,768,0,303,303,768,0,0,566,0,0,1196,1440,785,0,0,401,2026,0,0,1149,0,1980
blog.csdn.net,blog.csdn.net.json,90,blog.csdn.net,0,0,0,614,0,260,0,80,768,0,768,0,521,0,0,1350,0,0,0,0,24,0,0,0,0,24,0,0,0,0
blog.csdn.net,blog.csdn.net.json,91,blog.csdn.net,0,0,0,614,0,260,0,80,768,0,768,0,446,0,0,4320,2880,0,1440,1440,0,2880,0,2880,0,4320,736,0,1440,445
blog.csdn.net,blog.csdn.net.json,92,blog.csdn.net,0,0,0,517,0,3591,0,80,0,287,287,0,768,768,768,768,768,0,0,450,0,0,0,4320,4320,0,4320,0,3446,0
blog.csdn.net,blog.csdn.net.json,93,blog.csdn.net,0,0,0,614,0,260,0,80,768,0,0,768,475,0,0,5760,1440,0,4320,0,4320,0,1654,0,1440,565,0,0,7200,7200
blog.csdn.net,blog.csdn.net.json,94,blog.csdn.net,0,0,0,614,0,260,0,80,0,0,0,768,768,768,0,0,460,0,0,757,0,0,0,0,24,0,0,0,0,24
blog.csdn.net,blog.csdn.net.json,95,blog.csdn.net,0,0,0,517,0,3591,0,80,768,0,287,287,768,0,0,479,0,0,4320,4320,0,4320,0,1292,0,1440,418,0,0,313
blog.csdn.net,blog.csdn.net.json,96,blog.csdn.net,0,0,0,517,0,2880,711,0,0,80,0,287,287,0,0,0,0,24,0,0,0,0,24,0,0,0,0,0,0,0
blog.csdn.net,blog.csdn.net.json,97,blog.csdn.net,0,0,0,614,0,260,0,80,0,0,0,0,24,0,0,0,0,24,0,0,0,0,0,0,0,0,0,0,0,0
blog.csdn.net,blog.csdn.net.json,99,blog.csdn.net,0,0,0,614,0,260,0,80,768,0,768,0,449,0,0,4320,0,1440,2880,0,2880,4320,0,5117,0,1440,449,0,0,960
blog.csdn.net,blog.csdn.net.json,98,blog.csdn.net,0,0,0,517,0,3591,0,80,0,287,287,0,768,768,0,0,452,0,4320,0,1440,2880,0,2880,0,4320,0,566,4320,0
blog.csdn.net,blog.csdn.net.json,100,blog.csdn.net,0,0,0,614,0,260,0,80,0,0,0,0,24,0,0,0,0,24,0,0,0,0,0,0,0,0,0,0,0,0
blog.csdn.net,blog.csdn.net.json,101,blog.csdn.net,0,0,0,614,0,260,0,80,768,0,768,0,478,0,0,5760,5760,4320,1440,0,5760,2880,0,2880,5717,0,0,1440,551,0
blog.csdn.net,blog.csdn.net.json,102,blog.csdn.net,0,0,0,517,0,3591,0,80,0,287,287,0,0,0,0,24,0,0,0,0,0,0,0,0,0,0,0,0,0,0
blog.csdn.net,blog.csdn.net.json,103,blog.csdn.net,0,0,0,614,0,260,0,80,0,0,0,0,24,0,0,0,0,24,0,0,0,0,0,0,0,0,0,0,0,0
blog.csdn.net,blog.csdn.net.json,104,blog.csdn.net,0,0,0,614,0,260,0,80,768,0,768,0,485,0,0,4320,4320,4320,2880,1440,0,0,4320,4320,0,3974,0,1440,560,0
blog.csdn.net,blog.csdn.net.json,105,blog.csdn.net,0,0,0,517,0,3591,0,80,0,287,287,0,0,0,0,24,0,0,0,0,24,0,0,0,0,0,0,0,0,0
blog.csdn.net,blog.csdn.net.json,106,blog.csdn.net,0,0,0,614,0,260,0,80,768,0,768,0,488,0,0,4320,0,2880,0,1440,4320,2880,0,4320,0,2880,0,1440,2242,0
blog.csdn.net,blog.csdn.net.json,107,blog.csdn.net,0,0,0,614,0,260,0,80,0,768,768,0,0,448,0,1410,0,0,0,0,24,0,0,0,0,24,0,0,0,0
blog.csdn.net,blog.csdn.net.json,108,blog.csdn.net,0,0,0,517,0,3591,0,80,768,0,287,768,287,0,0,522,0,0,3722,0,1440,588,0,0,2880,0,4320,0,2880,0
blog.csdn.net,blog.csdn.net.json,109,blog.csdn.net,0,0,0,614,0,260,0,80,0,768,768,0,0,452,0,5760,1440,0,4320,0,3347,0,1440,418,0,0,313,0,2009,0
blog.csdn.net,blog.csdn.net.json,110,blog.csdn.net,0,0,0,614,0,260,0,80,768,0,768,0,476,0,0,5760,1440,0,4320,4320,0,1613,0,1440,542,0,0,7200,1440,0
blog.csdn.net,blog.csdn.net.json,111,blog.csdn.net,0,0,0,517,0,3591,0,80,768,0,287,287,768,483,0,0,0,4320,4320,0,4320,0,3446,4320,0,4320,2075,0,1440,556
blog.csdn.net,blog.csdn.net.json,112,blog.csdn.net,0,0,0,614,0,260,0,80,0,0,0,0,24,0,0,0,0,0,0,0,0,0,0,0,0,0,0,0,0,0
blog.csdn.net,blog.csdn.net.json,113,blog.csdn.net,0,0,0,614,0,260,0,80,768,0,768,0,476,0,0,7200,0,4320,0,2880,1440,0,4320,0,2880,1440,0,1270,0,1440
blog.csdn.net,blog.csdn.net.json,114,blog.csdn.net,0,0,0,517,0,3591,0,80,0,287,287,0,0,0,0,24,0,0,0,0,24,0,0,0,0,0,0,0,0,0
blog.csdn.net,blog.csdn.net.json,115,blog.csdn.net,0,0,0,614,0,260,0,80,768,0,0,768,473,0,0,4320,4320,2880,0,1440,2880,0,2121,0,1440,569,0,0,4320,0
blog.csdn.net,blog.csdn.net.json,116,blog.csdn.net,0,0,0,614,0,260,0,80,0,0,0,0,24,0,0,0,0,24,0,0,0,0,0,0,0,0,0,0,0,0
blog.csdn.net,blog.csdn.net.json,117,blog.csdn.net,0,0,0,517,0,3591,0,80,768,0,768,485,287,287,0,0,0,7200,7200,7200,1440,0,7200,90,0,0,1440,560,0,0
blog.csdn.net,blog.csdn.net.json,118,blog.csdn.net,0,0,0,517,0,3591,0,80,0,287,287,0,0,0,0,24,0,0,0,0,24,0,0,0,0,0,0,0,0,0
blog.csdn.net,blog.csdn.net.json,120,blog.csdn.net,0,0,0,614,0,260,0,80,0,768,768,0,0,448,0,1412,0,0,0,0,24,0,0,0,0,0,0,0,0,0
blog.csdn.net,blog.csdn.net.json,119,blog.csdn.net,0,0,0,614,0,260,0,80,768,0,768,0,477,0,0,2880,2880,2880,2880,2880,1440,1440,0,0,458,0,1440,576,0,0
blog.csdn.net,blog.csdn.net.json,121,blog.csdn.net,0,0,0,517,0,3591,0,80,768,0,287,768,287,0,522,0,0,1944,0,1440,597,0,0,7200,0,7200,1440,0,5760,2880
blog.csdn.net,blog.csdn.net.json,123,blog.csdn.net,0,0,0,614,0,260,0,80,768,0,768,0,478,0,0,7200,7200,1440,1440,0,7200,4320,0,2096,0,1440,561,0,0,677
blog.csdn.net,blog.csdn.net.json,122,blog.csdn.net,0,0,0,614,0,260,0,80,0,0,0,0,24,0,0,0,0,24,0,0,0,0,0,0,0,0,0,0,0,0
blog.csdn.net,blog.csdn.net.json,124,blog.csdn.net,0,0,0,517,0,1440,0,1440,711,0,0,80,768,0,287,287,768,484,0,0,0,2880,1440,0,1440,2880,2880,0,2880,0
blog.csdn.net,blog.csdn.net.json,125,blog.csdn.net,0,0,0,517,0,1440,0,1440,711,0,0,80,0,287,287,0,0,0,0,24,0,0,0,0,24,0,0,0,0,0
blog.csdn.net,blog.csdn.net.json,126,blog.csdn.net,0,0,0,614,0,260,0,80,768,0,768,0,486,0,0,4320,0,1440,5760,4320,0,4320,0,1440,5760,1440,0,2392,0,1440
blog.csdn.net,blog.csdn.net.json,127,blog.csdn.net,0,0,0,614,0,260,0,80,0,0,0,0,24,0,0,0,0,0,0,0,0,0,0,0,0,0,0,0,0,0
blog.csdn.net,blog.csdn.net.json,128,blog.csdn.net,0,0,0,517,0,3591,0,80,0,287,287,0,0,0,0,24,0,0,0,0,24,0,0,0,0,0,0,0,0,0
blog.csdn.net,blog.csdn.net.json,129,blog.csdn.net,0,0,0,517,0,3591,0,80,768,0,287,287,768,0,0,480,0,0,4320,4320,4320,3446,4320,1440,0,4320,0,4320,0,2832
blog.csdn.net,blog.csdn.net.json,130,blog.csdn.net,0,0,0,614,0,260,0,80,0,0,0,0,24,0,0,0,0,0,0,0,0,0,0,0,0,0,0,0,0,0
blog.csdn.net,blog.csdn.net.json,131,blog.csdn.net,0,0,0,614,0,260,0,80,768,0,768,486,0,0,5760,0,5760,1440,0,2880,0,4320,0,1440,5760,0,1631,0,1440,561
blog.csdn.net,blog.csdn.net.json,132,blog.csdn.net,0,0,0,517,0,3591,0,80,768,0,287,287,768,0,0,474,0,0,4320,4320,4320,4320,279,279,0,1440,577,0,0,4320
blog.csdn.net,blog.csdn.net.json,133,blog.csdn.net,0,0,0,517,0,3591,0,80,0,287,287,0,768,768,0,0,449,0,1413,1440,619,0,0,4320,1023,1023,0,0,0,0
blog.csdn.net,blog.csdn.net.json,134,blog.csdn.net,0,0,0,614,614,614,0,0,260,0,80,0,0,0,0,0,24,0,0,0,0,0,0,0,0,0,0,0,0,0
blog.csdn.net,blog.csdn.net.json,135,blog.csdn.net,0,0,0,614,0,260,0,80,768,0,768,0,483,0,0,7200,7200,1440,1440,0,0,4320,0,2880,1440,0,4891,0,1440,561
blog.csdn.net,blog.csdn.net.json,136,blog.csdn.net,0,0,0,517,0,3591,0,80,0,287,287,0,0,0,0,24,0,0,0,0,24,0,0,0,0,0,0,0,0,0
blog.csdn.net,blog.csdn.net.json,137,blog.csdn.net,0,0,0,614,0,260,0,80,768,0,768,0,498,0,0,5760,0,4320,0,1440,1440,0,2880,0,4320,0,1440,1458,0,1440
blog.csdn.net,blog.csdn.net.json,138,blog.csdn.net,0,0,0,614,0,260,0,80,0,0,0,0,24,0,0,0,0,0,0,0,0,0,0,0,0,0,0,0,0,0
blog.csdn.net,blog.csdn.net.json,139,blog.csdn.net,0,0,0,517,0,3591,0,80,0,287,287,0,768,768,0,0,417,0,4320,4320,4320,4320,4320,1440,0,0,4320,0,4320,0
blog.csdn.net,blog.csdn.net.json,140,blog.csdn.net,0,0,0,517,0,3591,0,80,768,0,287,768,287,0,478,0,0,4320,4320,4320,0,4320,0,802,0,1440,546,0,0,4320
blog.csdn.net,blog.csdn.net.json,142,blog.csdn.net,0,0,0,614,0,260,0,80,768,0,0,768,475,0,0,5760,5760,0,4320,1440,0,1310,0,1440,574,0,0,5760,1440,0
blog.csdn.net,blog.csdn.net.json,141,blog.csdn.net,0,0,0,614,0,260,0,80,0,0,0,0,24,0,0,0,0,24,0,0,0,0,0,0,0,0,0,0,0,0
blog.csdn.net,blog.csdn.net.json,143,blog.csdn.net,0,0,0,517,0,3591,0,80,768,0,287,287,0,768,478,0,0,5760,2880,0,2880,4886,636,0,1440,544,0,0,7200,1440
blog.csdn.net,blog.csdn.net.json,144,blog.csdn.net,0,0,0,517,0,3591,0,80,0,287,287,0,0,0,768,768,768,0,0,468,0,0,756,0,1440,552,0,0,5760,5760
blog.csdn.net,blog.csdn.net.json,146,blog.csdn.net,0,0,0,614,0,260,0,80,768,0,0,768,478,0,0,7200,7200,1440,1440,0,411,0,1440,565,0,0,2880,0,4320,0
blog.csdn.net,blog.csdn.net.json,145,blog.csdn.net,0,0,0,614,0,260,0,80,0,768,768,768,0,456,0,799,0,1440,545,0,0,4320,0,1440,2880,0,0,2880,0,2834
blog.csdn.net,blog.csdn.net.json,147,blog.csdn.net,0,0,0,517,0,1440,0,1440,0,711,0,80,768,0,768,287,287,0,0,523,0,0,4320,355,0,355,0,1440,589,0
blog.csdn.net,blog.csdn.net.json,148,blog.csdn.net,0,0,0,614,0,260,0,80,768,0,768,0,477,0,0,5760,1440,0,4320,0,4320,0,2594,0,1440,573,0,0,5760,5760
blog.csdn.net,blog.csdn.net.json,149,blog.csdn.net,0,0,0,614,0,260,0,80,0,0,0,0,24,0,0,0,0,24,0,0,0,0,0,0,0,0,0,0,0,0
blog.csdn.net,blog.csdn.net.json,150,blog.csdn.net,0,0,0,517,0,3591,0,80,768,0,287,768,287,0,475,0,0,4320,0,2880,1440,0,5760,0,1440,2349,0,1440,565,0
blog.csdn.net,blog.csdn.net.json,151,blog.csdn.net,0,0,0,517,0,3591,0,80,0,287,287,0,768,768,0,0,455,0,7200,7200,7200,1440,0,0,6648,0,1440,559,0,0
blog.csdn.net,blog.csdn.net.json,152,blog.csdn.net,0,0,0,614,0,260,0,80,768,0,768,0,465,0,0,7200,0,4320,0,2880,0,1440,4857,0,1440,531,0,0,332,0
blog.csdn.net,blog.csdn.net.json,153,blog.csdn.net,0,0,0,614,0,260,0,80,0,0,0,0,24,0,0,0,0,24,0,0,0,0,0,0,0,0,0,0,0,0
blog.csdn.net,blog.csdn.net.json,156,blog.csdn.net,0,0,0,517,0,3591,0,80,768,0,287,768,287,0,475,0,0,7200,7200,7200,1440,0,6542,0,1440,553,0,0,628,0
blog.csdn.net,blog.csdn.net.json,157,blog.csdn.net,0,0,0,614,0,260,0,80,0,0,0,0,24,0,0,0,0,0,0,0,0,0,0,0,0,0,0,0,0,0
blog.csdn.net,blog.csdn.net.json,158,blog.csdn.net,0,0,0,614,0,260,0,80,768,0,768,0,469,0,0,4320,2880,0,1440,4320,1440,0,1440,4320,0,4320,0,1217,0,1440
blog.csdn.net,blog.csdn.net.json,159,blog.csdn.net,0,0,0,517,0,3591,0,80,0,287,287,0,0,0,0,0,24,0,0,0,0,0,0,0,0,0,0,0,0,0
blog.csdn.net,blog.csdn.net.json,160,blog.csdn.net,0,0,0,517,0,3591,0,80,0,287,287,0,768,768,0,0,768,768,0,0,706,0,7200,0,4320,0,2880,4320,0,2880
blog.csdn.net,blog.csdn.net.json,161,blog.csdn.net,0,0,0,614,0,260,0,80,768,0,768,0,768,0,768,0,0,768,267,0,0,575,0,2880,1222,0,0,0,633,0
blog.csdn.net,blog.csdn.net.json,162,blog.csdn.net,0,0,0,614,0,260,0,80,0,0,0,0,24,0,0,0,0,0,0,0,0,0,0,0,0,0,0,0,0,0
blog.csdn.net,blog.csdn.net.json,163,blog.csdn.net,0,0,0,517,0,2880,0,711,0,80,768,0,287,768,287,0,768,0,0,768,768,76,0,0,1081,0,0,0,0,24
blog.csdn.net,blog.csdn.net.json,164,blog.csdn.net,0,0,0,517,0,2880,711,0,0,80,768,0,287,287,768,768,0,0,768,768,0,0,179,0,986,0,0,0,0,24
blog.csdn.net,blog.csdn.net.json,165,blog.csdn.net,0,0,0,517,0,3591,0,80,0,287,287,0,768,768,0,0,768,768,0,0,768,32,0,7200,7200,7200,1440,0,4362,0
blog.csdn.net,blog.csdn.net.json,166,blog.csdn.net,0,0,0,614,0,260,0,80,0,768,768,0,0,768,768,768,315,0,0,0,0,481,0,0,0,0,24,0,0,0
blog.csdn.net,blog.csdn.net.json,167,blog.csdn.net,0,0,0,614,0,260,0,80,768,0,768,0,768,0,768,0,768,625,0,0,0,495,0,2880,1495,0,0,0,0,313
blog.csdn.net,blog.csdn.net.json,168,blog.csdn.net,0,0,0,517,0,3591,0,80,0,287,287,0,0,0,0,24,0,0,0,0,24,0,0,0,0,0,0,0,0,0
blog.csdn.net,blog.csdn.net.json,169,blog.csdn.net,0,0,0,614,0,260,0,80,0,0,0,0,24,0,0,0,0,24,0,0,0,0,0,0,0,0,0,0,0,0
blog.csdn.net,blog.csdn.net.json,170,blog.csdn.net,0,0,0,614,0,260,0,80,0,0,0,0,24,0,0,0,0,24,0,0,0,0,0,0,0,0,0,0,0,0
blog.csdn.net,blog.csdn.net.json,171,blog.csdn.net,0,0,0,517,0,3591,0,80,0,287,287,0,0,0,0,24,0,0,0,0,24,0,0,0,0,0,0,0,0,0
blog.csdn.net,blog.csdn.net.json,172,blog.csdn.net,0,0,0,614,0,260,0,80,0,0,0,0,24,0,0,0,0,24,0,0,0,0,0,0,0,0,0,0,0,0
